123.40605119024143,41.808491242445726
123.41358779717375,41.79641105704988
123.42199021970707,41.809911723995654
123.39242834655647,41.79057706749892
123.45897845838766,41.84317767221718
123.38967150088442,41.82534998187345
123.36770951308594,41.822655023281435
123.40661742480795,41.82160630497156
123.4488153433885,41.83390477111687
123.39547125081837,41.8139271207501
123.45190827068112,41.85704497812451
123.37373099899246,41.82513480810763
123.40739090639424,41.889713021560155
123.39503847304259,41.81391014364743
123.00765653595744,41.67577157896165
123.31921792417928,41.82412212948266
123.35674139634008,41.79139598967821
123.3508863459087,41.819652296451565
123.35156072446003,41.797263684637024
123.37655292149061,41.778986584053676
123.33166410504757,41.82500526277133
117.1842898694823,40.12530994807309
123.36845418155347,41.78632607663708
123.4100674153484,41.77236968828943
123.38522726846865,41.76560268358732
123.59669406971963,41.8062145874746
116.5452538037935,40.02911382446439







123.49064993123538,42.674715319067126
123.3966599588541,41.798044461848214
123.42864822580671,41.80858728225722
123.39551244959442,41.791238708813786
123.42150437136354,41.81208413726166
123.41252234694196,41.80225709669501
123.40557905802854,41.801918199301724
123.38580426316172,41.78243249941733
123.39300739232853,41.794613829613375
123.4079440578612,41.80517520513928
123.41351376561312,41.79631300356124
123.40176447788328,41.80587887735758
123.41840358791544,41.802678084712056
123.39152275785042,41.785114463864616
123.40566287454206,41.796234399737564
123.42416743068421,41.805567395924044
123.41252432121807,41.80949993347646
123.40850707399764,41.79914365949678
123.39670259951224,41.821587010688475
123.43596018181293,41.820370612195255
123.39752954049457,41.81265414571163








123.38150068530324,41.78003294558822
123.42567954407124,41.74792328945084
123.40158555494502,41.727826703701446
123.38995458571823,41.77374640663834
123.39119062675161,41.78071773620783
123.633923162283,41.81464392249079
123.4511130613876,41.85749717911026
123.4149377763867,41.894379207128466
123.40253011134723,41.8291147900747
123.4229273501428,41.81663770354079
123.36568575890234,41.793578991296066
123.35004265982995,41.79788609868148
123.39728109448319,42.42109761503199
123.46765900402973,42.2598926388273
123.36902770838317,41.80297888481615
123.35627001625731,41.766847891058646
123.32806958925003,41.800705505899714
123.23959470385216,41.75088625648832
123.40658834273923,41.80805248769944
123.38214218189984,41.7353797536118
123.39755198712915,41.73888106225082
123.46095890617816,41.88998000929623
123.41314902465835,41.83524919426385
123.42498195691488,41.86568363092225
123.41633764635002,41.87448557537547
123.37105086848952,41.79607595291682
123.46126709387877,41.909629823408345
123.38178556179413,41.70759608517242


123.47634123981284,41.71524388564149

123.62951234189237,41.56876702964281



123.5181735351799,41.81378054099139
123.4089827615843,41.80241283038778
123.18430715597519,41.759460126653174
123.30419268333925,41.76957107756178
123.30526018837872,41.77175802008885
123.20571446200613,41.70652436341199
123.18059725911407,41.75792168805981



123.01663535891582,41.76506415923055
123.02783737402075,41.6559833108905
123.2786691501849,41.729909883665954





123.41650485228467,41.78231202806908
123.37786550423938,41.7748227546641
123.39363746183204,41.77018986238013
123.23332083834555,42.39402837445385
122.6145375055222,41.87615967527267
123.37915801724462,41.764928371862844
123.40401170340009,41.76126651525277
123.39900009213794,41.77718144986927
123.43948021761365,41.68593540168236
123.44961155939073,41.73315211264398
123.66744696569295,41.85260177101705
123.76296263368995,42.00012827772182
123.76296263368995,42.00012827772182


122.68940316808114,41.35224004796872
122.89177827220135,42.06412901974035

123.25088503871491,41.75371131549591
123.24795632216573,41.74248788756827
122.77940948770622,41.50408124300234
122.75995660133641,41.625802834842936
123.47369969070677,41.86863745128871
122.96597205466756,41.87235490160685
123.00797895685017,41.80997958131298
122.82391656910877,41.98654657308371
123.14103414124749,41.775551088739164
123.08385656421015,41.87099372600468
123.58390861991585,41.67886228432151
123.43250942257765,41.681503105393034
123.67702413990513,41.755416079346006
123.4375847721161,41.72536080651381
123.33234585715957,41.676003166704305
123.34387873065374,41.66204861776893
123.50519282379155,41.90386152617304
123.4581654577978,41.804484899142544
123.46801299932504,41.80747138994624
123.53709102891526,41.859373465195254
123.42951717591684,41.775968704513595
123.46656896428048,41.7666181786902
122.8828954492031,41.6669237578998
123.0186359533096,42.35772875242126
123.03762542970563,41.77431498457747
123.12180883932037,42.168954807881136



123.51197980387367,41.94462088609545

123.46514986547413,41.83463248598114
123.71400404844324,41.726898979373615
123.51540769743534,41.837383759431525
123.52701713172938,41.87792176104454
123.49880626685584,41.83126355323175
123.45356669745675,41.8082127523792
123.47764474200224,41.84538716665539
123.44298776082411,41.808183827137185
123.47904327565828,41.87721398784211
123.46490169830992,41.801535208853664
122.89068958092145,41.66805767397638
123.51038334029457,41.83383349488703
123.47674578176832,41.79358112902215
123.4584235540057,41.795003807652215
123.47935728491777,41.81339314817417
123.26519492804123,41.63413202679406
123.35450911619614,41.562199256626286
123.31585649929539,41.56398368575194
123.35450911619614,41.562199256626286
123.3317042222049,41.66591212854189
123.45984916307516,41.49798962769836
123.37560881882652,41.669937338108035
123.36511931647635,41.67040317656605
123.30186798254883,41.5998181458021
123.3457274441968,41.78383680716864
123.3204768558384,41.551494868029096












123.42064636210605,41.69948060942444
123.24024332002423,41.707353847438505
123.48245070853285,41.832820018445865
123.5091390254776,41.81075808871176
123.46523070548376,41.794736282885694
123.4857523663309,41.83547173483681
123.5006085691707,41.841236948474695
123.49233788208522,41.80500258297434
123.47279277730907,41.85996666962498
123.49563270904748,41.93067690360344
123.532344211966,41.85921339115111
123.46614943391963,41.83937016755183
123.49023045535395,41.903220081767685
123.47796641789688,41.791240713086474
123.46908731076452,41.81645115915028
123.48862258656521,41.82343625127193
123.51913039023192,41.831485027926604
123.5014232588351,41.83633932828283
123.50314972163056,41.828424417766605
123.48621120777109,41.79105380165133
123.48650234419192,41.81941200019859
123.49273495986759,41.807857703265796
123.4809885413905,41.83202174891021
123.53067108022722,41.9399384537741
123.4584161574077,41.790538946550924
123.25335849674846,41.745555168932476
123.22295497057523,41.72578796126948
123.22639422323957,41.730533864951916
123.1203373535332,41.7262934252097
123.49452608263617,41.84058284672592
123.4857523663309,41.83547173483681
122.78052156792396,41.50387866683357
122.71870470659906,41.50200596164779
123.3423992445369,41.65996959662285
122.84416284263895,41.60544766648566
122.6749689675989,41.51780876554727
123.54027250807933,41.699490768642214
123.40861823499023,42.49277406651008
122.68393019433574,41.595549765922804
123.42838750409976,42.49340249462814
122.88863410615062,41.92046067617435
123.0186359533096,42.35772875242126
122.7518769275135,42.12801131302449

123.36417349268739,41.676352328381704
123.32064416286431,41.68271347982139
123.36159604096584,41.71281838381786
123.29399681112963,41.55282357022343
123.31320074076626,41.694052006837595
123.48465530156328,41.87182618362564
123.49374572484402,41.8294484807513
123.52836015681049,41.81377239593016
123.34922771956772,41.634964050648364
123.37879566514208,41.54391427311445
122.65882261645753,41.30792026697661
122.68700523739585,41.595371313829446

122.66748331742265,41.355251962777665
122.66429383288606,41.34124860798999


123.10814722002742,41.78588843851355
123.03664369226442,41.97535117998167
123.01693639787302,41.761932507368506
122.77807726699717,41.50422962237773

123.53793242312258,42.07080234480695
123.2383540789233,42.403761490246055
123.4087182682216,42.499603336654204
123.26668157438887,42.34150675065642
123.44408536631676,41.814882912074324
123.43582911905945,41.804862641080135
123.44418149860091,41.79424460040597
123.43911343869388,41.80684743842181
123.32368582089157,41.73914457199009
123.34087694627712,41.80053468089488
123.27157834239013,41.808835140128004
123.22813436167725,41.885343244824945
123.39384502569041,41.85692439916353
123.39172508369019,41.86628497120216
123.34445197738897,41.85523020677553
123.3392919582241,41.94691507046826
123.36914116139522,41.85468963643865
123.00200095651088,41.63667911588499
123.10752589867532,41.6645982198161
123.32204089892429,41.77541211658519
123.2212581889012,41.741548083027844
123.33644776998453,41.8451303840081
123.36384005867444,41.86862519287936
123.32022677511216,41.752394112138106
123.33332150021127,41.92838871913415
123.22534195213979,41.82640831347526
123.4244492164281,42.54635610466587
123.46405571762865,42.27063167027982
123.37883199529445,42.2922075161491
123.18530760276542,42.49616113643691
123.40658451935828,41.96136944066814
123.47353609732873,42.965075856703415
123.41634387302187,41.92212800959004
123.38009982149723,41.77818295590658
123.39498715786942,41.759899391053935
123.42467726207536,41.973267990379306



123.57352689817917,42.03326265166139
123.50787105509282,41.94406201935798
123.34333099504882,41.66414518872865

123.6779380636561,41.55013239819187
123.28409195014147,41.61619029620058
123.42589374039686,42.549143511496226
122.95165642749943,42.46413614667744
123.33938001818903,42.24678933766578
123.42838750409976,42.49340249462814
123.43056315901816,42.505755219470146

123.05021126075111,42.45743648179896
123.66181913541527,41.84731651792097
123.3428463336645,41.62867930548964

123.40017037322694,41.59605590065716
123.42304629455562,41.526704489951385

123.55079267232199,41.584604775905134
123.28409195014147,41.61619029620058
123.37879566514208,41.54391427311445
123.3204768558384,41.551494868029096
123.32528229693625,41.65688406686276
123.33220213245492,41.66999846390283
123.49503320118906,41.56986651013119
123.31659557379908,41.65536007190259
123.34644000122167,41.61588013037975
123.22614144904911,41.95556653665369
123.46849051495758,41.59933114984499
123.29249638504606,41.79670978338211
123.36687137415001,41.679765519620744
123.51268419637437,41.59505697325186
123.37650836168669,41.56344461131121
123.26867780519767,41.64124649563303
123.3279543100748,41.66192599139861
123.35450911619614,41.562199256626286
123.30717667935859,41.654211026186104
123.35093263532957,41.63166802118834
123.43376675522329,41.75181684062188
123.43682202626904,41.76249524738239
123.54587775840253,41.59629932198034
123.54273037953591,41.762891534621225
123.44311322831481,41.685920391363396
123.54211960381824,41.80115048454718
123.48433471438867,41.679982034064444
123.43053869615115,41.634632950157645
123.70604143132796,41.69070631041321
123.4657433515619,41.74463259237089
123.48321744117341,41.681557497371486
123.40870175203771,41.62485766296157
123.36998729894545,41.6653555327315
123.40374756806837,41.620520531745235
123.35302623370742,41.88698411714485
123.2872246814767,41.75775086468407
123.44245090890786,41.91881954029204
123.39686617163242,41.9154777495343

123.48282496686468,41.934026154710814
123.47852781348485,41.92465700480561
123.41107815853411,41.94610467613634
123.47353609732873,42.965075856703415
123.58234007098406,41.94450566772101
122.97863021892552,42.63095348096962
123.15943261463377,41.96611973366758
123.1888802602133,41.86983117880665
123.32348629313844,41.76173815600707
122.8050655442834,42.00909230377441
123.26065470131242,41.8131161343606
123.66235196422832,41.80959661754416
123.41302704871094,41.65776749566456
123.41302704871094,41.65776749566456
123.63264582648323,41.8143598508121
123.62830773021182,41.80413627557354
123.48446456360159,41.72793105523673
123.48848705530887,41.71519537618557
123.54750279194953,41.75812633959279
123.51268441581287,41.65222655467697
123.49334577354135,41.70965252011323
123.6248997805761,41.812659607259235
123.51519696564993,41.764351229147955
123.50843706743314,41.68978085553501
123.44769533487505,41.663957570358654
123.46053958134775,41.68300852825951
123.41625726761924,41.72848879765298
123.46721624073933,41.77263056387433
123.48433471438867,41.679982034064444
123.51568305309121,41.666273362230555
123.51142929512028,41.81051567548448
123.55141798695936,41.79240365250779
123.74601695866521,41.99328437666816

123.66097766979746,41.89532363563797
123.23318370707015,41.998708130295014
123.55084057229676,41.756663572375935
123.56327743820918,41.78127201619849
123.66744696569295,41.85260177101705
123.63587456532935,41.949636901966194
123.54131630515815,41.86135276548939
123.496962265963,41.73812319368916
123.41207725184225,41.85761071014878
123.45209622321576,41.84680422798059
123.40674641317906,41.82186136172946
123.4024310872732,41.8152458719722
123.44802051272003,41.90337312466825
123.39383383148947,41.83019511961926
123.38453429902172,41.82724803020127
123.42745590832692,41.86188479574155
123.41923914708,41.82542557498895
123.42288937100714,41.83734758673057
123.41290645818609,41.8875003001007
123.42751655760576,42.490935552526075
123.37415631781415,42.36833960585626
123.43173401944478,41.8026870060416
123.40557905802854,41.801918199301724
123.38982179639623,41.78714480445646
123.38655477521957,41.787427953841785
123.40511446123838,41.80577192015435
123.38849219731495,41.78540529572704
123.3953625171017,41.79833847798973
123.39396176241057,41.780820263817176
123.41452055833503,41.80939745946508
123.41452055833503,41.80939745946508
123.39441884263704,41.565774543246185
123.33690506003724,41.661960138328766
123.40017037322694,41.59605590065716
123.59224079517762,41.519725421206594
123.32924596893059,41.657282396359
123.35093263532957,41.63166802118834
123.332426441572,41.67004803226128

122.8050655442834,42.00909230377441
122.8050655442834,42.00909230377441
123.34224489446254,41.65133553461233

123.65762655577969,41.8929499137202
123.332426441572,41.67004803226128
123.37879566514208,41.54391427311445
123.37786151946304,41.54045617342456

123.29782108066048,41.705900235045206
123.29861389362269,41.55984856735184
123.24963115233277,41.58526347992518
123.64523673308852,41.566299719329514
123.48321744117341,41.681557497371486
123.34118739369387,41.65529763531143
123.35765703416546,41.66447914588528
123.33210647566432,41.66245299835403
123.08855634486393,41.86949535496043
122.88204961144577,41.68914861971921
123.00752125980402,41.957051538524254
123.43487040707492,41.825359725859
123.41773898493132,41.873242822633536
123.36928293867464,41.82612126216984
123.41391327773444,41.82972277081466
123.50122790358586,41.84817186391328
123.39282476645724,41.835078263397016
123.70249134670635,42.04514163945111

123.51166387858726,42.05153538504523
123.63883325073937,42.086396934388524

123.65762655577969,41.8929499137202
123.38465956961231,41.93677917603782
123.41153469470875,41.94387580595955
123.41955359346387,41.92298715116861
123.51699508405815,41.94030265058055
123.44174753038794,41.775682568200544
123.4554023767469,41.7832729029819
123.46393548097709,41.7881851112403
123.36871438393639,41.82369089491633
123.43527756225724,41.83675641376539
123.39386251687488,41.82525013084017
123.45813904538467,41.87098219081181
123.38837475208187,41.817496464192295
123.3712581962289,41.82637719542343
123.35549941577469,41.82716210700738
123.35329087541116,41.76429354830866
123.42200403281463,41.86776610736974
123.41207725184225,41.85761071014878
123.3904533312032,41.89939360879451
123.42452025861276,41.894572171955474
123.52982470972697,41.806566185030704
123.14103414124749,41.775551088739164
123.53188835095912,41.89203545367366
123.39611867379605,41.91422767081813
123.40773569616226,41.92687832552144
123.51143144802998,41.94022298379059
123.0186359533096,42.35772875242126
123.5163249820678,41.93863066607727
123.4230824264171,41.94415159117694
123.10717816945792,42.165798609227295
122.8050655442834,42.00909230377441
123.11801638334077,41.989542526812876
122.9934129980637,41.956186260236116
123.06450636059486,41.911929553386784
122.87827293891125,41.932925010777346
123.28292225272911,42.119516076152145
123.02802303022492,41.807411301299446
123.0637804775017,41.79389352912171
122.99442877045075,41.74919563386323
122.67833164793977,41.93413137792243
122.98683765012882,41.83985760706379
123.0186359533096,42.35772875242126
123.57890188948478,41.93976061421093
123.37333365020089,41.90983558825873
123.14103414124749,41.775551088739164
123.34423906437416,42.13372552587925
123.24731193468516,42.22149087258855
123.37433832066444,42.3179600514543
122.9472733053921,42.366607648793746
123.61895657273406,42.550302123475824
123.39675106488859,42.42961212712342
123.37920262269665,42.29799248042362
123.51802942045528,42.04350135223824
123.41762885607832,41.92268722671095
123.41249431332399,41.95706753651879
123.58652779254261,41.919294231802525
123.59482333322036,42.109811175417455
123.51597682947546,41.93817266297633
123.5120279743869,41.944633024312004
123.0186359533096,42.35772875242126
123.53484594221898,42.00290703431619
123.51876588723003,41.94981726413849
123.41768343809353,41.94701004701425
123.59211208466233,41.918186741001655
123.5781144540812,41.93916910756857
123.0186359533096,42.35772875242126
123.40855762066604,41.957070057774786
123.53405779087316,41.95072842933426
123.30157147274647,41.682460134535845
123.25335849674846,41.745555168932476
123.14103414124749,41.775551088739164
122.9288517208487,42.02099387168903
122.82724118757166,41.981407285301664
122.98210169181412,41.79335550361258
123.02813444475775,41.84491084081779
123.15150242146501,41.62906795000538
123.26911225190563,42.01073414459062
123.19929969758914,41.82691890542603
123.22885484393052,41.969812379018826
123.22813436167725,41.885343244824945
123.43142161707571,41.752206092405935
123.46292330679499,41.78087179055919
123.50998896570162,41.77524379320615
123.22639422323957,41.730533864951916
123.35257675068932,41.778262856941275
123.32924917869951,41.79186053885618
123.34592405255881,41.76849327520559
123.33509523956577,41.7924184962895
123.34516991731452,41.79158244633868
123.34952870758698,41.80023086466492
123.34277142861849,41.80083031452546
123.35754245046692,41.76301228548953
123.37222963385025,41.77559264577187
123.3444446787983,41.822017017109346
123.33524170976852,41.8001759737377
123.3401807569577,41.78787236284085
123.33434112820626,41.81658931049138
123.33293171066049,41.77878112676401
123.3223641659726,41.78775891498222
123.37712692474038,41.786812764941
123.33814288437893,41.815468304329045
123.32068741382825,41.78770414744086
123.38271507956118,41.79462361493447
123.32888087539226,41.816437631714116
123.33753971858428,41.77242290315719
123.33676030570692,41.82043077971329
123.23332083834555,42.39402837445385
122.45624966363079,42.13552156409096
123.2262536610292,42.06324041912537
123.42707059297511,42.499936914165616
123.34815409361434,42.47405527458463
123.22252981768608,41.909132675084514
123.66225008469695,41.84692368580852
123.18162625338498,41.777845317119564
123.34141150582698,41.835276307821665
123.6086100344982,42.55697037267911
123.24068987814398,42.483005264847655
123.40366028336229,41.735934460836894
123.412869601481,41.79478057134061
123.30784552046629,41.604433115151515
123.54064956818426,41.861102338758506
123.26867780519767,41.64124649563303
123.33516790529653,41.65018861678118
123.3258403830135,41.629380747622896
123.62574814837149,41.91616911170604
123.3519627986755,41.703955537090486
123.54003231448678,41.60731834687914
122.8050655442834,42.00909230377441
123.39697143321928,41.687787258878025
123.33756567241456,41.65064909790099
123.11927484457652,41.91276665655152
122.65156200526025,41.26910412003074
123.52157654077473,41.52359659373011
123.37879566514208,41.54391427311445
123.33585161041934,41.66625930034822
122.8050655442834,42.00909230377441
123.33210647566432,41.66245299835403
123.53025813405927,41.57746694110803
123.30712846906427,41.576969106079886
123.38018316863736,41.66874402902238
123.51326791526358,41.57552822194427
123.33210647566432,41.66245299835403

123.32700176634697,41.66546716924879
123.37877798131154,41.96601817339987
123.35774476673049,41.67200169019374
123.33984070029398,41.645381030610594
123.35093263532957,41.63166802118834
123.28409195014147,41.61619029620058
123.32574684670895,41.62813221208101
123.34732619531202,41.66137785125097
123.2990953778529,41.67000652714308
123.32908377438972,41.66227276926196
123.36067326965043,41.67635787521823
123.35764566410344,41.91528670690611
123.13528022816267,41.935770859272715
123.17073544564678,41.902104185146825
123.32154105796745,41.7711293167241
123.14103414124749,41.775551088739164
123.14103414124749,41.775551088739164
123.57439808164483,41.92040824315164
123.14103414124749,41.775551088739164
123.14103414124749,41.775551088739164
123.10474834169716,41.820915591804315
123.51696993819829,41.66323249254008
122.57885664227702,42.14312164129873
123.10375944049261,41.82098010373611
122.45723974222494,42.12781111780843
122.82391656910877,41.98654657308371
122.86125621305106,42.06389712321217

123.14103414124749,41.775551088739164
122.8050655442834,42.00909230377441
123.44532275616878,42.080016738550604
122.82936522692955,41.98707576540396
123.09329582255101,41.78570831864373
123.20119786107176,42.1263461720072
123.29054053153438,42.03532470249066
122.94554328789128,41.854059260160355
122.85225363813915,41.994504955260645
122.8562612353099,41.95910465330218
123.51696993819829,41.66323249254008
123.06508281833182,41.78261333910046
123.14103414124749,41.775551088739164
122.95709080287547,41.85189056901348
123.02818904512415,42.028665324103564
123.44532275616878,42.080016738550604
118.25731594091387,34.14776218844145
122.95976800371146,42.09891204556126
122.82871013164652,41.98657250348756
122.85129604381677,41.98919596132261
123.17073544564678,41.902104185146825
123.0977838256037,42.47141512219716
123.2170201127598,42.379365758989906
123.49161419578387,42.34794460474209
123.42272451740826,42.54332348838691
123.66797231069202,41.89824032939519
123.33006437075115,42.49712540120916
123.18339400121133,42.407205662647115
123.02103545680528,42.347351057082065
123.0221809432366,42.35706092509434
123.36383619376925,42.21760686406194
123.2763723167572,42.44043810680935
122.98348509176343,42.45332319507627
123.0221809432366,42.35706092509434
123.42857453987132,42.50883192429974
123.23332083834555,42.39402837445385
123.30645032785736,42.37844221580873
123.215157545018,42.324776831624675
123.33375378130143,42.338794450060135
122.55644718839989,41.593523863186796
122.77236562877532,41.459516742974685
122.87935444437797,41.5382454332471
122.74220965948899,41.58579925912831
122.88167982979174,41.663687633397466
122.65524587549467,41.49601611106691
122.8828954492031,41.6669237578998
123.36067326965043,41.67635787521823
122.86845683096766,41.63090903017511
122.73277500817048,41.508500212056425
122.77955246348942,41.58329820586549
123.3258403830135,41.629380747622896
123.44532275616878,42.080016738550604
123.22885484393052,41.969812379018826

122.8828954492031,41.6669237578998
122.9458029851343,41.67984206465513
122.90412535388151,41.526658239292345
122.76296419333636,41.62507781764495
122.77455876448401,41.48595726737128
122.77933398115603,41.49967992103702
122.6700207315396,41.37767997328891
122.91274670477819,41.580092875977996
122.68750742652927,41.41684011983623
122.74220965948899,41.58579925912831
122.91471848379854,41.5379749211367
122.86467896502184,41.566946832987966
123.38609747767401,41.821048326572615
122.64783124459225,41.22464886540483
122.57102190782763,41.25879803679017
123.43529947863576,41.830566435927906

123.0221809432366,42.35706092509434
123.24716057299695,41.782273353153236
123.22633318109779,41.71603841854378
122.74220965948899,41.58579925912831
118.25731594091387,34.14776218844145
122.81137547208908,41.56508338224153

123.11729934143514,41.75619961851152
123.23275307474096,41.78457229760941
123.40017037322694,41.59605590065716
123.08022443979618,41.655384597973494
123.04944532198881,41.632416333121824
123.13891257626338,41.73625355652731
123.155131734339,41.67856886221753
123.1453966971104,41.69483814622694
122.93808014138786,41.5576949143364

123.1203373535332,41.7262934252097
123.22639422323957,41.730533864951916
123.31713563944291,41.7723917164305
123.2701784927765,41.79114603657648
123.24401052356926,41.74129335744353
123.25360371766477,41.70519042654909
122.93983058185265,41.5953953892003
122.8050655442834,42.00909230377441
123.34512040033988,41.76068215242231
123.33699200386839,41.910005726044865
123.29151970400078,41.791809496024946
123.38965922699214,41.876587820101385
123.18652481882485,41.82443358393348
123.39250022740113,41.854454540501024
123.37398913135104,41.856345821099126
123.40223709321536,41.906713970125814
123.37398913135104,41.856345821099126
123.3008405031267,41.7989687325877
123.33047796422561,41.76633146287089
123.3871707351213,41.860846201242204
123.18890816677505,41.87082425714178
123.33655425386785,41.86785365888738
123.29604728566693,41.79870493490748
123.20731686404463,41.78898957404007
123.29649674441019,41.779000965024636
123.34882420623114,41.7604679359379
123.30939332821576,41.88198180860382
123.33280834619399,41.74834535521657
123.33920472763667,41.75860874624524
123.38433099479931,41.85213831414223
123.39154509944183,41.874117255882865
122.91203056617051,41.54374697820011
122.7730606646865,41.455009517826426
122.80462311466908,41.72862277179031
122.94652982759034,41.49780302216088
122.55890320591084,41.66767691218544
122.89991787671457,41.51970490760692
122.67463037575617,41.69628834418821
122.9871100266599,41.69170448818261
122.81238266470906,41.435812388350996
122.68359104550017,41.438867023098496
122.4955878082208,41.61149586677128
122.69899122535352,41.453959815728766
122.89476332884513,41.438859203952525
123.07425431031845,41.649939769072006
122.7504143208529,41.58345526545222
122.70591145601027,41.46643606968553
123.00526229167338,41.69603961151404
122.6700207315396,41.37767997328891
122.73208232005307,41.50498493510067
122.79178684294675,41.697291579714935
122.63942482949399,41.25261892697663
122.78947327918108,41.53011171789613
123.65262248462629,41.781456986379865
123.23332083834555,42.39402837445385
122.73086839985523,41.44625830174121
122.6264848418177,41.60197858536189
122.68359104550017,41.438867023098496
122.60684189326129,41.250694513165215
122.7916787264959,41.69706944765551
122.6264848418177,41.60197858536189
122.68359104550017,41.438867023098496
122.83834100700706,41.68839663702352
122.64857610119682,41.26528121929202
122.6264848418177,41.60197858536189
122.65882261645753,41.30792026697661
122.75495619528664,41.598806275306764
122.66159124755836,41.37992991850413
122.7662927596968,41.62872236114663
123.37086151947149,41.72317925575436
123.40386046968887,41.72755936426429
123.4107886145785,41.7589789811526
123.41214270358503,41.791240173805704
123.38757810517413,41.72143452312702
123.42206179813623,41.77812689215112
123.40347347674106,41.713349847467896
123.39073330579802,41.77838795840409
123.37528360239955,41.760216762234194
123.3927914068354,41.76728015584965
123.37439455607186,41.749702331391234
123.38306234766718,41.733217425760245
123.39916917365794,41.733899670574296
123.376928024439,41.760008401010495
123.37471981306282,41.75112892729287
123.41896343713432,41.78622219510975
123.42240741453045,41.804831310755546
123.4147428542027,41.7872033060472
123.41441477439602,41.79325881106349
123.37086151947149,41.72317925575436
123.38814912391598,41.731641228719965
123.4080805774821,41.78060814285833
123.35904103776268,41.719230101046705
123.4190309850246,41.754517103825265
123.38759710421171,41.72131252956447
123.27157834239013,41.808835140128004
123.3212893378036,41.76041747861298
122.8050655442834,42.00909230377441
123.28349938962205,41.79116234797333
123.5891270025898,41.690770620148136
123.39088516721156,41.88413578674581
123.31332962086519,41.735302797615674
123.39203094497286,41.84463847379309
123.24190374579908,41.80061187415123
123.30297892468768,41.75775702639443

123.0617226501064,41.63443182992199
123.3040914186149,41.80970869484687
122.8050655442834,42.00909230377441
123.40337224795775,41.947315062683344
123.51613033464197,42.047000482037134


123.38799117827902,41.929438209827126
123.46881746665872,41.930328111672665
123.52900072699533,41.8096510726627
123.48210342570613,41.77539742155411
123.48210342570613,41.77539742155411
123.53192322998056,41.81314219047282
123.44098368282366,41.783907700460944
123.48103071514282,41.76706576647425
123.43200490422286,41.75716962626849
123.46415314890264,41.766880758159395
123.52041464228007,41.78847134086869
123.43928349696719,41.80896770827719
123.45618350656692,41.791235457215215
123.48228335648267,41.780584688089796
123.49833842071807,41.76680307809182
123.44783288851939,41.77664798776524
123.4454907107703,41.76516569261845
123.51519696564993,41.764351229147955
123.45088298423674,41.77542477747309
123.43776385871334,41.78414372829608
123.5035347265418,41.7660215154445
123.51661917805146,41.78444611051901
123.44633778717619,41.79353408026725
123.47768627838319,41.77071587338891
123.46491738338457,41.76835768016382
123.4295904486353,41.80316876433152
123.43255003708131,41.798325406027836
123.4279212635628,41.80061844915032
123.51142929512028,41.81051567548448
123.53141691734666,41.80418414563842
123.44243512998959,41.79661403544185
123.41806251580229,41.801018796794835

123.48939253527925,41.83709453124283
123.4934349579499,41.84110359803777
123.48792069132642,41.81123331535462
123.49273495986759,41.807857703265796
123.54799033546813,41.86565323568681
123.46109436132119,41.811303110740674
123.34583305990549,41.62753039674912


123.32498119771473,41.64273948183951


123.35632571790467,41.66845336854994


123.34387873065374,41.66204861776893
123.5039950774325,41.65177547252354
123.36924704611519,41.68426513818057

123.39158670163445,41.778127775445085

123.26867780519767,41.64124649563303
123.27156266953601,41.64591073408543
122.65393866132926,41.648155139875875
123.33895176817263,41.663586098732786


123.36471756019621,41.68182476215947
123.30053875946872,41.687734124241665

123.3714920108541,41.66893634450883
123.51995632975787,41.83056427402383
123.50621375129661,41.86626592635569
123.53516579578776,41.930536490337616
123.43514776356723,41.81236333112965
123.50941250005287,41.836317708536164
123.46210972367635,41.80259889967552
123.46891268847924,41.85251079064448
123.47369969070677,41.86863745128871
123.55083704336592,41.819530003821384
123.49292104836051,41.84111606610551
123.48493724720558,41.82205835472727
123.47121138530707,41.816953995053396
123.48127599136212,41.800255006821274
123.51207112871887,41.83570733015177
123.50621375129661,41.86626592635569
123.47944179807004,41.82625126695084
123.49357949586741,41.906019213609085
123.4685439975036,41.84868372331637
123.5017227871649,41.81152336928958
123.49268878793335,41.80786256553203
123.48509683596498,41.901133755016275
123.46524941942427,41.818670808291984
123.50152062849789,41.850761770539485
123.48306723080914,41.809154032549785
123.63684232725103,41.804734576150686
123.47845570449367,41.72242412656661
123.49200905924575,41.67160519476291
123.57594032862008,41.810282528415236
123.55620245269006,41.676102080092896
123.49315754536396,41.749791843975196
123.37148812902677,41.72490343162109
123.40502925764417,41.73655788179335
123.41151844888705,41.74134386392889
123.38217852287056,41.775047781520875
123.42158254398574,41.769066844905666
123.39829527017291,41.77037475273259
123.39369611902572,41.77235973127879
123.40327671935984,41.77525943751087
123.41896343713432,41.78622219510975
123.4100674153484,41.77236968828943
123.3862061947026,41.75875869161198
123.38814607286575,41.73202219167888
123.41730867832071,41.7740621747183
123.31668546412232,41.79808146746732
123.32256109973596,41.798150166141504
123.30309840592258,41.780607449680055
123.3322434629845,41.80980935791022
123.33514376870711,41.80186110910113
123.37104969686189,41.80436671923043
123.33473068877427,41.7827995674296
123.36632733552044,41.81544769749075
123.32956326709422,41.79144795550104
123.3733588167203,41.802703502125745
123.38458532173617,41.79848947752637
123.36329297530484,41.76455038141745
123.3650143576399,41.79224785005905
123.35896408118994,41.78406711062825
123.37259613673794,41.78158499190255
123.35156072446003,41.797263684637024
123.3322434629845,41.80980935791022
123.36438728856268,41.7809560916979
123.31890352913192,41.79816820818697
123.3679095168714,41.79155447922291
123.3244095263762,41.796735650396116
123.38285573869335,41.8028612891562
123.38974288522579,41.77286951534919
123.34695355148922,41.80149409713731
123.32888087539226,41.816437631714116
123.3476068932329,41.764959656281405
123.33166410504757,41.82500526277133
123.33082282335644,41.80262920848041
123.3531783355626,41.79146934689107
123.34458345395716,41.799514194632366
123.34453774766521,41.855138056716505
123.34833186637906,41.83627540743132
122.95174615754513,41.57575577149222
123.30370726059317,41.76139746928459
123.2458438886242,41.72894645293081
123.49841904024045,42.619603488243676





123.4526103162107,41.82058134818809
123.50152062849789,41.850761770539485
123.50152062849789,41.850761770539485
123.48774956013685,41.836484650015
123.55684893229575,41.86637338671511
123.48530605688542,41.90504558514624
123.47215935100193,41.80448785503661
123.50621375129661,41.86626592635569
123.47272484260148,41.836347136517325
123.50378414144976,41.85682456540163
123.50226903762429,41.83884384316799
123.5148389494315,41.82100219289216
123.51540491474351,41.82114877714613
123.50621375129661,41.86626592635569
123.49098035736861,41.80135263072216
123.54056728204274,41.861588174410464
123.52064230979896,41.84767124615329
123.5091390254776,41.81075808871176
123.47094433545293,41.810826348738864
123.47046195394188,41.83053683908283

123.62830773021182,41.80413627557354


123.40721301048849,41.655703343691584
123.50318325072152,41.75279740012786
123.45522925778285,41.72344805488625
123.46656853526571,41.74817049902712
123.53679820022168,41.763880587194194



123.49909304232595,41.73173115019302

123.46551383324207,41.743037120340325


123.5562585302826,41.77258356714566

123.52850971531934,41.74708099476667
123.51164741154686,41.691188884602944
123.0507003263529,41.92315762771721
123.06292819364579,41.782577092109015

122.97447948738936,41.78780816245555




123.12401590084488,41.79359597520157
122.83603076788184,41.99499471981785
122.82241657064745,41.996593749290696
123.01969209472047,41.951299825058314
122.90199893952713,42.15696082290325
123.38154997361038,41.897263459920495
123.17073544564678,41.902104185146825
123.35130825619774,41.847809678857146
123.3147324181172,41.74866094267081
123.29514098582999,41.79753547202634
123.26252664998565,41.719442821382465
123.40126343545845,41.8559087432268
123.40097218630369,41.857971727197096
123.28219803047746,41.78026357607358


123.52173856586663,42.047068796649164


123.43966536235878,41.91468094583013
123.50741267979302,41.94193552381388

122.84654652970347,42.00298871484524
123.50847743197312,41.95004525008878

123.70249134670635,42.04514163945111

123.4393983857695,41.917573630392965


123.38166152980628,41.96248591274961
123.34322938621584,42.12367820293779
123.54688572447623,41.87303536372252
123.48986114274402,42.03909879379656
123.53386068478912,42.02011449051123
123.39103674804994,41.94238124726606
123.51699508405815,41.94030265058055

123.42049241005523,41.91689674598973
123.53092632489377,42.089231013675494
123.53399334224137,41.989064679349156
123.38747576791425,41.9497659277716
123.57943641090334,41.95304595067649
123.52191121931125,41.95224695950363
123.35998965609097,41.988718309557896

123.60026078007482,41.95003142970564



122.98427760945438,41.69243794594803
122.92450253859158,41.55166597969449
122.76338196473625,41.65865803710675

122.63520343514223,41.72116199064128






122.88362844541057,41.50885998617868



122.82561785457634,41.39040974729862
124.39632069351762,43.08724043417925
123.28326698039855,41.84175497975283



















123.14305039935496,41.59811399108899
123.39924271853441,41.58806498175435
123.53025813405927,41.57746694110803
123.32734476977038,41.672180329153235
123.3132787150425,41.56223314915471

123.39241068012448,41.703521367700475
123.333393611351,41.67641912641895
123.28670381190975,41.54025009609053
123.35093263532957,41.63166802118834
123.26519492804123,41.63413202679406

123.33148604490329,41.65761507709006

123.23595928636665,41.55712767816813
123.34425480482355,41.668201852294416
123.32621087232921,41.523697627618276
123.3494910871167,41.634424738779074
123.53127994045073,41.815629593285564
123.33328938128108,41.66599412710146
123.42307544765978,41.703933757505595
123.332426441572,41.67004803226128
123.3132787150425,41.56223314915471
123.54669520697519,41.60758193371745
123.37650836168669,41.56344461131121
123.37390724115994,41.69399200913355


123.33034234487198,41.65190435422401
123.3843832202432,41.6735416880393
123.3780291367877,41.562805606460955

123.55544653888296,41.5604789516548
123.53392429225023,41.62823344741611
123.18729778808306,41.7456543274759

123.34243546196372,41.63619235241364
123.28409195014147,41.61619029620058
123.36779656903612,41.665169961874525
123.30186798254883,41.5998181458021
123.52850164057305,41.63695729052363
123.34224489446254,41.65133553461233
123.35477289663604,41.91435687877564
123.31290904140047,41.792002865061946
123.27157834239013,41.808835140128004
123.35229936217719,41.76483505768284
123.28434605716565,41.75670706361975
123.31881713776183,41.83872089996614

123.29079149756427,41.785713875720646
123.22174260172868,41.798734122702015
123.33215322557508,41.93438334048434

123.35848602332344,41.7499768920525
123.33036193067508,41.93297363049142
123.40627391069972,41.82480212999417
123.35732963136482,41.82206445157954
123.36125141511447,41.821997004051916
123.38453429902172,41.82724803020127
123.44405766136128,41.84070478519535
123.41376862896537,41.875888487136116
123.35412151694506,41.822696210126644
123.45710040652813,41.83947900465359
123.42100884536033,41.819066493537214
123.4290390329067,41.82831762294367
123.4135015818622,41.88208651784012
123.39136011815634,41.81866060177525
122.9406372904812,41.66215660549823
122.64971151338577,41.26794130828411
122.68998442469945,41.376814630400744
122.91274670477819,41.580092875977996
122.68825428988825,41.41680183051512
122.67761790031645,41.287468902010126
122.68998741663646,41.37681162697698
122.73234593307293,41.50542563072719
122.74961016711528,41.517026334776965
122.73668914278718,41.48846480299499
122.66222415976728,41.66756675085043
122.73645481761245,41.67172996933525
122.56231158352347,41.66661488168478
122.72146633748717,41.49709640850113
122.68998442469945,41.376814630400744
122.78471811573849,41.74372325032863
122.58708615249948,41.60651642092807
122.85960682572227,41.46586192798743
122.61622204347928,41.251672401200445
122.74001098229272,41.488332989979554
122.60809639292235,41.696671847895715
122.68393019433574,41.595549765922804
122.7229062172655,41.50997104158314
122.68998442469945,41.376814630400744
122.97236382550365,41.68497513656423
122.73780356482158,41.53097784869285
122.83432699580965,41.51749540426008
123.01919302433996,41.658773148098675
122.84024790469854,41.52484922558931
122.63525398692987,41.29754251965366
122.68393019433574,41.595549765922804
122.86137150863942,41.45900240269532
122.9833275196386,41.689860187398914
122.90328327657333,41.519486191324276
122.68998442469945,41.376814630400744
123.61582998202583,41.539005267685056
122.68359104550017,41.438867023098496
122.89323225305851,41.518391505763276
122.85553194432428,41.49953476858073
122.8751557200223,41.494848734389564
122.58708615249948,41.60651642092807
122.49087095499675,41.612397582288175
122.77286399165158,41.45924036031927
123.38609747767401,41.821048326572615
122.79810159273737,41.55123576980444
122.87568895901049,41.57372503387761
122.60963826992054,41.60047523926072
123.43115836106601,41.96975970004419
123.42692193298748,41.91970472205715
123.41066665214947,41.94835258818366
123.50786263729654,41.94686221393948

123.54755809122551,41.962675203678465
123.60047263121591,42.001493001605176
123.40603022991331,41.91367867721518
123.52370262939733,42.04329258975691
123.44430883926393,41.914427980446504

123.65762655577969,41.8929499137202
123.5338632282831,41.98709718461348
123.40337224795775,41.947315062683344
123.45943599346555,42.96091158682268
123.40575293747337,41.964510350312885
123.42260580972257,41.90939165691379
123.51554599061495,41.940572641331805
123.51375459985462,42.056849905692495
123.5864343307549,41.91520495477804
121.24207530152752,31.091683122649048
123.3392919582241,41.94691507046826
123.4031980450538,41.969761897382824
123.42864822580671,41.80858728225722
123.41452055833503,41.80939745946508
123.41452055833503,41.80939745946508
123.40008324954931,41.80238262976489
123.40513606658995,41.78741351008096
123.42116641440678,41.802120976922886
123.41783478367032,41.811825338099275
123.41252234694196,41.80225709669501
123.39667666594734,41.80005940295273
123.38736718615833,41.78588268754589
123.39767568970964,41.79713052196742
123.40964004780943,41.80202921795588
123.40934721390052,41.80010609988587
123.38404886644884,41.784868252176416
123.39050355948005,41.79197543245382
123.3970191426871,41.788652795304664
123.41452055833503,41.80939745946508
123.4079837903742,41.80008535701009
123.40645187948591,41.79704371184893
123.19226701817541,41.74012503019278
123.21501179221242,41.68969150953668
123.25575478413991,41.781124835641855
123.2200840141622,41.724304805848426
123.2458438886242,41.72894645293081
123.18268060334506,41.70739939157463
123.26705535659427,41.75393099140726
123.2426617652319,41.74584795010964
123.0454123519342,41.67412206478846
123.29505370039016,41.772420708449765
123.30431481556575,41.773204649209816
123.29038334748951,41.76568556745829
123.29038334748951,41.76568556745829
122.9538804820527,41.578023060965684
123.14901402670006,41.690106098315766
123.02783737402075,41.6559833108905
123.13576374779531,41.690103277870485
123.22553607704886,41.686135967927534
123.20571446200613,41.70652436341199
123.18512528581581,41.70946639811045
123.24699511139053,41.74265001631833
123.17975393620823,41.70591337443111
123.1803576638753,41.68598928608117
122.99058530963079,41.58486700598744
123.02783737402075,41.6559833108905
123.16911363855688,41.719325182621
123.29038334748951,41.76568556745829
123.22639422323957,41.730533864951916
123.08365048306122,41.6562907972638
123.08807880426109,41.65981181076751

123.29350588750575,41.79481922684539
123.58545573402262,41.918006880555
123.35041155686126,42.77074516582506
123.25878504266149,42.47064317740383
123.02580650508874,42.40268728218344
123.48580988616062,42.847282683177724
123.34872498497263,42.72429084261595
123.32007467931987,42.7397510375062
123.5017227871649,41.81152336928958
123.52743323180366,41.894172516589265
123.37152235893069,41.81477503864234
123.49125951343133,41.829368071143904
123.5058952609313,41.86862706555013
123.45843990809819,41.79282392250828
123.44741886049465,41.81210290022965
123.48361542413917,41.84369150197356
123.4908187302286,41.84488984141146
123.48493724720558,41.82205835472727
123.50855029907883,41.78597612939668
123.46822157423036,41.82260874154328
123.48306723080914,41.809154032549785
123.47185359280259,41.823950713678755
123.37369560419873,41.79305948339057
123.3668560134921,41.7676478497711
123.3541061944563,41.78273128103335
123.33694997699806,41.79024314616951
123.39146895604725,41.80514681078872
123.36143678463837,41.781023877378814
123.35590012146812,41.772587098738754
123.35020717710698,41.80528863178618
123.3428412913481,41.793269430002745
123.38589209528823,41.797069896620215
123.37382726792845,41.7797199203638
123.33676030570692,41.82043077971329
123.32069800766004,41.79037802169581
123.32743240717076,41.78038249676572
123.33310709507484,41.779362768399224
123.34659755624114,41.794252919792406
123.32056344177428,41.77594193472206
123.33763135162013,41.815842234102604
123.35879754865053,41.80479563850795
123.31743497345502,41.792006234601836
123.37712692474038,41.786812764941
123.35907267457236,41.79929539997188
123.38376014507556,41.79233611015716
123.34446365571634,41.78626787277757
123.34703436823554,41.77278514728617
123.38619772753107,41.797406750244825
123.33349736540592,41.79750630987729
123.33349736540592,41.79750630987729
123.34013525181373,41.7781738847305
123.3668560134921,41.7676478497711
123.33166410504757,41.82500526277133
123.32052490615992,41.7949831901372
123.39731611073177,41.91465171158287
123.39545347317852,41.910841486272645
123.38694179736683,41.93922032148548
123.43115836106601,41.96975970004419
123.43115836106601,41.96975970004419
123.51329757449709,42.05253613834364
123.5106188415443,41.937965487508556

123.200005021652,41.85291112767935
123.45434601744502,41.920939497670616
123.51818660221039,41.944685271421136
123.5026166374113,42.11763641836837
123.4098573178867,41.94835008796377
123.51579938891176,41.93686607140412
123.53099168655841,42.03728543275046
123.37912457100767,41.96539586706328
123.5612719396672,41.90159720067555
123.42486110407508,41.947973069365936
123.35799172630544,41.866635983874325
123.3998868670248,41.91085572839265
123.50373938136532,41.94072368277361
123.41768343809353,41.94701004701425
123.0186359533096,42.35772875242126
123.42534527462709,42.04936158029993
123.59388178550509,41.99870429871045
123.51772157860287,42.04912011952047
123.40175308668525,41.91410728591101
123.58586308291903,41.9235063439953
123.42145796109182,41.90621916593314
123.39825241822965,41.917176924060485
123.0186359533096,42.35772875242126
123.41794429802832,41.928545924846716
122.87384557977387,41.539111721689785
123.23332083834555,42.39402837445385
123.41062903129567,42.50624667125252
123.23332083834555,42.39402837445385
123.61029245286399,42.55522541220314
123.18339400121133,42.407205662647115
123.37523831686694,42.31455316663428
123.39083804115911,42.171413781806585
123.2319276952333,42.41052320462382
123.40425917498722,42.50824327442392
123.37523831686694,42.31455316663428
123.43062540622236,42.51162257753602
123.05201015143885,42.5157959897384
123.0115013475523,42.357689258339605
123.36252138738817,42.36785547998759
122.8631550462605,42.32550120869822
123.39655038821088,42.42112359626745
123.36302014636377,42.21649380728834
123.27814602143302,42.442807820378285
123.37552098091962,42.32058307787658
123.3757253869353,42.31549677492152
123.38495799511449,42.519604216997955
123.0186359533096,42.35772875242126
122.94198207216463,41.705924090584524
122.9462526436301,41.49928801154241
122.58432570018793,41.26713292177093
122.6264848418177,41.60197858536189
122.6831551162833,41.41679493886562
122.71520405797882,41.513352078032426
122.55384135316288,41.5937005720714
122.73498537295704,41.52441219401728
122.86227890313847,41.69988328860757
122.74421215166926,41.50851228505415
122.75512287427074,41.50776640186606
122.65738930695304,41.60859369135165
122.95545380776133,41.650269356815805
122.86469975356913,41.46578447826066
122.9269092445813,41.553306266106596
122.84728575165182,41.69005168565933
122.64783124459225,41.22464886540483
122.64783124459225,41.22464886540483
122.63734693022714,41.5536381488745
123.25249268167576,41.72925500692313
122.73443450974449,41.52041990300254
122.75219050072427,41.45296512468661
122.73097524639397,41.44636019543848
122.98320702095305,41.690445461814576
122.61613818618217,41.25167148261078
122.68409187574139,41.28553225571652
122.81951209065829,41.57862728262724
122.88177639421583,41.65928550685156
123.51987050925814,41.658564315953896
122.77044961502135,41.520822311034564
122.76802832345501,41.72300998332292
122.82307894713853,41.668891785295315
122.69899122535352,41.453959815728766
122.8680765700497,41.48054884236731
122.79596161450024,41.549790787737614
122.61608228104518,41.251671536268944
122.74723339638695,41.50820046221899
122.64857610119682,41.26528121929202
122.87050781524634,41.570629176521
123.39654489482264,42.49979592110291
123.15683917618735,42.05936645800084
122.8149060126728,42.01281342383131
123.06451424475318,41.78235405727719
122.89891847279465,41.52247700702318
122.8791832959331,41.993819902322656
122.8386573783553,41.977841768175225
122.93529933489148,42.017803289930136
123.21542272322966,42.09417092279218
123.23332083834555,42.39402837445385
122.78758945087706,42.028647441354465
122.96500370300377,41.99059564973055
123.13774890708264,41.78778628800594
122.96250937662,41.73408103867599
122.86526342238845,42.013580663097365
122.50586838158264,41.862726378084744
123.39929576756127,41.68699855039672
122.971062141979,41.98508536265802
122.96578591343373,42.21814003311685
122.71806502590155,41.92742295932895
122.95315445092005,42.119712679783554

122.71147683679385,41.88627881836681
122.971817810435,41.88607314312969
122.84826386577622,41.99656387596826
122.94300713966418,41.83222828438929
123.06151980457511,41.79017168303533
122.99904226079639,41.82399037464538
123.07922426453462,42.22842757503258
122.94099129221348,41.76889009070417
123.07458851633379,41.7456890367078
122.78534584299392,42.028228290269574
122.68734562891763,41.78805175148938
123.09602304618974,41.90108860864791
122.80212326920949,42.00511381389699
122.87549143705495,41.78186395417673
122.84806962303823,42.181477363149575
122.60772989357913,41.87273485664359
123.14179593744123,41.78499688496695
122.95409641963025,41.85605796968373
122.81972671407578,41.9967497431894
122.61448212457734,41.967397622999265
122.92700520793349,41.87054921549437

122.72695974926425,41.86644447662567

123.36285361504959,41.816396965223824
123.32817636784208,41.82134992316615
123.31749236942781,41.795055017867
123.32294739748508,41.78021312668861
123.37436575210005,41.81224837226733
123.31878886542711,41.798325423839565
123.32525756185315,41.79187718518625
123.34725883593654,41.77927942967291
123.38318026317602,41.79637729184127
123.32077136147419,41.80053054425852
123.37907092636041,41.78763725166989
123.33960035084223,41.781514686135935
123.33019195852282,41.808378271481494
123.33019195852282,41.808378271481494
123.70795592975732,41.75774443798068
123.55686258551243,41.78801775551004
123.42408910043878,41.72935299412845
123.67334995073094,41.692808925247924
123.55686258551243,41.78801775551004
123.4403484513725,41.72596281645715
123.56258521554393,41.819321042284706
123.4403855694992,41.732809183672096
123.49109807668394,41.741393416324335
123.54086917229661,41.765371459062656
123.5021780943914,41.705115368652145
123.38645807998782,41.71531368399816
123.43988659206049,41.710786699574136
123.58390861991585,41.67886228432151
123.46517260139939,41.736822779735874
123.56327743820918,41.78127201619849
123.65121509295449,41.78058862657441
123.48696789037005,41.74836755080811
123.48793459356037,41.72555156502945
123.62242277794718,41.80703477849564

123.40980937060112,41.67998344083183
123.59388178550509,41.99870429871045
123.41455210137177,41.66417448724335
123.44119104860863,41.69204271176704
123.49109807668394,41.741393416324335
123.49166566818649,41.708811617882816
123.41842639071935,41.676790764585874
123.46327215813508,41.71815274878921
123.49501457623451,41.74149608217312
123.42327116690414,41.63652673703459
123.63047104874947,41.778580201740255

123.50318325072152,41.75279740012786
123.5041677074712,41.65179597624208
123.62574814837149,41.91616911170604
123.27116594708599,41.561420258665116
123.39297654201779,41.69477348544436
123.53025813405927,41.57746694110803
123.332426441572,41.67004803226128
123.3204768558384,41.551494868029096
123.36991211687089,41.68896370379401
122.8050655442834,42.00909230377441
123.62574814837149,41.91616911170604

123.52850164057305,41.63695729052363

123.39952055019504,41.588750824012294
123.3769931991359,41.53784677142042
123.3988806813586,41.58193169858141
123.38963822011084,41.558393816283
123.37879566514208,41.54391427311445
123.37290685798423,41.68054300293289
123.29249138330893,41.79682078781558
123.34942301071462,41.657711069652095
123.3409286948846,41.672827903519796
123.08197264539005,42.35220731522437
123.33771612305888,41.658553286838725
123.52678448255372,41.642338790226866
123.65762655577969,41.8929499137202
123.40734420758496,41.497868536634655
123.29249138330893,41.79682078781558
123.26519492804123,41.63413202679406
123.32012283619795,41.66076127121524
123.37138634721961,41.724668559420685
123.318463509705,41.62828120001761
123.5681388407279,41.5386391145346
123.14305039935496,41.59811399108899
123.33968798395799,41.66087826601564
123.32325294329418,41.647304865640024
123.3720548171908,41.69151313373241
123.332426441572,41.67004803226128
123.52678448255372,41.642338790226866
123.37879566514208,41.54391427311445
123.33210647566432,41.66245299835403
123.53576158184462,41.62114638339296
123.66225008469695,41.84692368580852
123.34932476510298,41.89578942522402
122.8050655442834,42.00909230377441
123.3318836912412,41.936941035572175
123.3392919582241,41.94691507046826
123.28195017891251,41.87052534356178
123.3392919582241,41.94691507046826
123.65762655577969,41.8929499137202
123.40111413125017,41.85820276127189
123.28349729662169,41.813647756661794
123.30152428298314,41.79333271429953
123.38615524847714,41.758752714410015
123.38844714792529,41.72246509264921
123.38750523743207,41.74220847052045
123.41712854983581,41.75269040413716
123.38302702647766,41.778188123059486
123.42158254398574,41.769066844905666
123.38725817611315,41.772589381656246
123.40772383976577,41.77102846235371
123.40916254465132,41.79026331909395
123.38761907371608,41.72137951370173
123.43842287870564,41.736733168408165
123.38306234766718,41.733217425760245
123.37370418705989,41.76056615354367
123.40290290482342,41.72457438798667
123.40225857928426,41.73423421999603
123.38615524847714,41.758752714410015
123.39204408575239,41.780173582935845
123.40779150810009,41.7381639564574
123.40347347674106,41.713349847467896
123.33470272945829,41.797377060359906
123.38463841590897,41.77623536039367
123.41819683738916,41.792534193394054
123.3605258921802,41.7169953169838
123.41275861345507,41.758936333189396
123.4000168619557,41.769950982812965
123.4070343852019,41.76604242514554
123.41762358308657,41.79076470814912
123.38503371546713,41.7286068538968
123.40016828652459,41.73140006002087
123.37591857308689,41.75318772971521
123.38405307312591,41.78337531573993
123.39311743936004,41.77968042577707
123.3931332439385,41.78804205323786
123.37057827201515,41.74989901107772
123.41848635884566,41.776573170524806
123.41633764635002,41.87448557537547
123.41980873781903,41.818137220657135
123.42135673119724,41.83663282952425
123.39699319866295,41.81652406964448
123.44316155481637,41.84085298703322
123.45813904538467,41.87098219081181
123.39384502569041,41.85692439916353
123.42142405585736,41.88418504373025
123.41118185467623,41.86431226746461
123.44625767567842,41.906402535781474
123.35074186525628,41.81868553840115
123.38994769226949,41.81534299787902
123.3904533312032,41.89939360879451
123.41207725184225,41.85761071014878
123.423026829993,41.82114377300606
123.45679459348635,41.8389012551406
123.35805885939642,41.82922037090544
123.41121421011893,41.85488206650393
123.41996106522625,41.88033330530176
123.42143706351052,41.820795949801045
123.35803677461776,41.83726641591757
123.36617304926199,41.819716827743434
123.40400302040075,41.82250526637146
123.38346121311986,41.82959659148547
123.37788649488891,41.82406429472002
123.42548462146176,41.89386336101243
123.40752708488994,41.88868804217108
123.35934127632542,41.825939578524384
123.44401027510104,41.85682893197967
123.46095890617816,41.88998000929623
123.4372758152203,41.834185865636435
123.44132320299533,41.849346489048074
123.4903218237629,42.2882402333763
123.60000241819769,42.63293404914419
123.42838584074201,42.497933974083296
123.01859051311187,42.15995354262926
123.55723377646825,42.53988505566316
123.35129299096104,42.312382208894476
123.5655229098517,42.636288717944836
123.40867226311502,42.49270010441217
123.42583191063389,42.51318262456159
122.87634542361201,42.493918565054805
123.42349028968798,42.206879746658245
123.05201015143885,42.5157959897384
123.0186359533096,42.35772875242126
123.61761442173825,42.551521354503
123.46830525658419,42.2661917631902
123.23332083834555,42.39402837445385
123.23332083834555,42.39402837445385
123.1230364910352,42.28481904378766
123.40827357344347,42.4897342172467
123.37868569333752,42.48817187642413
123.54061547533695,41.86111526603159
123.03035564945573,42.354894397587486
123.1418898302842,42.39580202948828
123.6297871019218,42.56752160247965
123.39706411387047,42.489998047017686
123.32240106226031,42.56911356708563
122.92056876170471,42.3387428772968
123.17769655031815,42.34188047048546
123.1418898302842,42.39580202948828
123.37552098091962,42.32058307787658
123.44515371610619,42.775242166118055
123.44515371610619,42.775242166118055
122.72576566847339,41.50148519171907
123.40017037322694,41.59605590065716
123.3915420797959,41.61281276855214
123.29414573959717,41.68884675234306

123.51268419637437,41.59505697325186
123.39241068012448,41.703521367700475
123.32854767115737,41.653339491730726
123.35482110185016,41.56384526254869
123.30404954722991,41.65789200818474
123.51696993819829,41.66323249254008
123.24963115233277,41.58526347992518
123.28409195014147,41.61619029620058
123.33166410504757,41.82500526277133
123.36371078441165,41.81606387854479
123.35788866405329,41.80519091593099
123.48338899137124,41.94853791425862
123.53493365671113,42.014126380329444
123.51061683446214,41.93796448167519
123.67438301757456,41.9988728490689
123.5948334455508,42.0286402567472
123.17648196492073,42.18068793292123
123.64066558578861,42.09028233459912
123.14103414124749,41.775551088739164
123.45356669745675,41.8082127523792
123.37225122142357,41.82766420352417
123.38840599302361,41.82264240309958
123.26448040420469,41.800523706066116
123.22380761478496,41.80389755841797
123.39618885417654,41.85655624502365
123.3039591408013,41.79293039380852
123.29642759682291,41.723544463979024
123.37387671268846,41.87471743678673
123.30760470953628,41.83944910993446
123.200005021652,41.85291112767935
123.29418695263125,41.83138251850573
123.23504309446045,41.81815021464714
123.34409355444402,41.7446181654128
123.39439433691146,41.845477150716604
123.2952901021751,41.77921596045674
123.49006617480126,41.770989182404236
123.39320128153742,41.83679021421245
123.5030043297953,41.85638625906324
123.47806449294217,41.81477039717656
123.48122080811292,41.872033125776305
123.49758727188478,41.841908979215226
123.44513028152042,41.72643421526535
123.65762655577969,41.8929499137202
123.42574084185662,41.72512852676523
123.48262584864402,41.66309792590792
122.8050655442834,42.00909230377441
123.50318325072152,41.75279740012786
123.69353266377551,41.85634529661968
123.5750200415207,41.65099948327799
123.55505190299066,41.789449859153486
123.60961080883611,41.75978645623043
123.20571446200613,41.70652436341199
123.13205822130347,41.72664018210272
123.2426617652319,41.74584795010964
123.29038334748951,41.76568556745829
123.24387107416842,41.745279011559894
123.23890801858127,41.7434307632938
123.25638697670995,41.78117653504044
123.25687690292409,41.747792447676396
123.25156695198392,41.727188519363885
123.29038334748951,41.76568556745829
123.2426617652319,41.74584795010964
123.263777829831,41.76934259791182
123.20171765992205,41.716630729016806
123.02783737402075,41.6559833108905
123.14964329417334,41.68095162155611
123.27230406078232,41.785798115083
123.2287424680159,41.72356999666052
123.22639422323957,41.730533864951916
123.15156489792226,41.743247380061725
123.29038334748951,41.76568556745829
123.2293741968271,41.78463671415255
123.26096263235908,41.722490538018015
123.09586619248165,41.69112735984822
123.24599603965231,41.74901159033705
123.28569561034125,41.764630613687714
123.3739485742233,41.811409765695615
123.17635954131082,41.69570061155238
122.85572147131454,42.053034293854104
122.9473346038408,41.855074437259375

122.95792082334266,41.848422437704166
123.13663423687628,42.08474371224521
123.0030277887233,42.156872884534614
122.95128613907168,42.17007232000737
122.82410257235101,42.004529693442706
122.94525669488175,41.90482678376227
122.82871013164652,41.98657250348756
122.58033805509073,42.14444661852847
123.06151980457511,41.79017168303533
122.58886208239578,41.87109563052322
123.53793242312258,42.07080234480695
122.64625930288369,42.05593452309042
122.82898166188214,41.98619497070666
122.8050655442834,42.00909230377441
123.21559722428695,42.05512675041082
122.79396687974906,42.18120139975282
123.06441947906458,41.78234917660753
122.67833164793977,41.93413137792243
122.62810918339271,41.92149957163194
122.96046905000372,41.977934443609215
123.06300793688189,41.913276562987406
122.9473346038408,41.855074437259375
122.86373162580966,41.94721966126777
122.69097666088408,41.80825186205226
122.77743073779138,42.06730670260119
122.63278913681646,42.055907503402594
123.03768353468514,42.17119446538996
122.81643413662117,41.99429337879543
123.17073544564678,41.902104185146825
123.41563342635017,41.73816830292687
123.35952661331488,41.72124319733694
123.35875171475446,41.71928150050411
123.37086151947149,41.72317925575436
123.38042129182882,41.76469350769757
123.3923783981636,41.76928610456625
123.3931332439385,41.78804205323786
123.37509483299115,41.767835432629134
123.38915029835509,41.76645507203944
123.41911304377835,41.75465317654362
123.42802809794406,41.75334702488471
123.428638791096,41.769095821549826
123.50998896570162,41.77524379320615
123.43641961135117,41.75273324171848
123.45246024432102,41.76829877450537
123.44389427797583,41.77680875916414
123.42976059891818,41.77568807559652
123.38615524847714,41.758752714410015
123.44428820147803,41.77682055631218
123.43633149576318,41.76653413320058
123.43643737152676,41.76888117467532
123.49996952624873,41.77360852841099
123.48988750387853,41.77106764637759
123.45377453682049,41.7635851243165
123.49241186552601,41.770922172475316
123.38698744025443,41.75848538119383
123.46277325934987,41.784996216003805
123.53681851686274,41.80610179697705
123.52836015681049,41.81377239593016
123.52337466366744,41.8241104378951
123.45063388200666,41.78567773065655
123.42438433580739,41.75866082818964
123.46602464524968,41.76339492895908
123.43627070788871,41.78547404095924
123.53681851686274,41.80610179697705
123.45436616501176,41.77807268501078
123.44229201440731,41.79513480214793
123.51328704012049,41.80957297889937
123.42670951372948,41.80063879230654
123.45504615127567,41.79902847205466
123.46702418949411,41.768489286162136
123.43430605212671,41.785051731797495
123.33599968114503,41.7555788347447
123.3111410978394,41.83078849637358
123.38521750750984,41.86968530262732
123.29135733583153,41.84103908100358
123.36062765183506,41.8727815141112
123.3385068189209,41.836714541867295
123.28050623428756,41.80052702637539
123.26916924241846,41.850576424588446
123.35786886997941,41.87476941743268
123.34202755310355,41.73684348907228
123.25722831421663,41.81456708911799
123.3923499644212,41.84295139655929
122.84806962303823,42.181477363149575
123.32788141887286,41.83464744770057
123.36062765183506,41.8727815141112
123.35329455029117,41.886926699214875
123.32520177308524,41.891565040445435
123.3318836912412,41.936941035572175
123.33571581623391,41.86754119947447
123.51268419637437,41.59505697325186
123.29519825982007,41.63474805241014
123.37305480417788,41.529555194384294
123.36275815111652,41.67937662503031
123.32528229693625,41.65688406686276
123.3132787150425,41.56223314915471
123.32076513890792,41.658554448794625
123.32012283619795,41.66076127121524
123.41076402352626,41.713567286545285
123.40017037322694,41.59605590065716
123.3204768558384,41.551494868029096
123.59888922508729,41.575083525247905
123.53392429225023,41.62823344741611
122.62753397069095,41.250510170005526
123.33038156131835,41.66385200860966
123.3258403830135,41.629380747622896

123.40039880835931,41.59262987753558
122.71729836998918,41.92842579434922
123.39028417348906,41.6899237616817
123.53681851686274,41.80610179697705
122.97863021892552,42.63095348096962
123.33460501013712,41.77608113100946
123.35418941124145,41.58018424177152
123.31137415042448,41.673974612862324
123.4059382360904,41.82918697018713
123.41755661308969,41.87474770172278
123.42171410796121,41.83675022982926
123.41639830617268,41.8208638935886
123.45082840916267,41.849621387230954
123.41690492086732,41.87576213215179
123.39846733226732,41.81890412468737
123.35347291730803,41.824508192306844
123.4429454655308,41.83087351438218
123.39846733226732,41.81890412468737
123.39838404713949,41.81405418031533
123.42162855730848,41.847016229383364
123.43137595040028,41.841341144110004
123.4045086562662,41.81817148283293
123.4482962095147,41.846703743280464
123.37593628841304,41.83266284524308
123.42198284402119,41.89708626906922
123.44681231241869,41.897447225402495
123.38321805921365,41.89603040931864
123.43891785252865,41.857678124424055
123.41032607684336,41.87415102439379
123.42263617311434,41.89301482175344
123.39815962557417,41.82458105277337
123.40537091440245,41.816856824422
123.44598777630522,41.844330793667964
123.40786243081334,41.893880452494486
123.3797330507733,41.81543102741293
123.29875096454691,41.75989827770683
122.94208955179987,41.57532375198238
122.95140302893677,41.571560836704606
123.13849703986418,41.69234817299466
123.2399901253083,41.753789088391244
123.10319407707483,41.686676209184974
123.3388447981155,41.75853940381531
123.17232228140494,41.894564742049255
123.34882420623114,41.7604679359379
123.29961024826906,41.783308459214574
123.18294027304488,41.78624825402583
123.22252981768608,41.909132675084514
123.32042061288018,41.949393950327526
123.27247983937758,41.78483897323017
123.28855200364819,41.79585291662318
123.3208286845,41.768255858770225
123.200005021652,41.85291112767935
123.2395529372775,41.800678621188005
123.36454735969171,41.74969788221527
123.33361975912308,41.75634421126031
123.35380795016533,41.88892999737302



























122.8050655442834,42.00909230377441
117.17499075303688,40.11919785312388
122.65922708318286,42.02280301419012
122.74224044017906,42.01081277919083
123.01799874707753,41.951786615757165
123.02818904512415,42.028665324103564
122.88580213897693,41.800792897158125
122.8050655442834,42.00909230377441
123.28195017891251,41.87052534356178
123.43291380970814,41.76192573269146
123.307891535851,41.76245477505902
123.44242626139344,41.80263784586067
123.44524563559186,41.77572657480228
123.47328424473302,41.761135967139914
123.43678208588233,41.77570839476364
123.42902726671268,41.76284776790476
123.40033960471948,41.707678798175195










































123.32403163041513,41.617665980096895

123.76020128511396,41.58767990137544

123.332426441572,41.67004803226128


123.42467726207536,41.973267990379306

123.47847010490175,41.791961137178426
123.51752569985314,41.840063660583986
123.49810019867452,41.82726845947865
123.460596099412,41.80225304099174
123.46560686534988,41.7951132681466

123.4584235540057,41.795003807652215
123.45900371014834,41.80627093900195
123.43939109871656,41.799217144605855
123.46857116262147,41.826691668925456
123.48152475550721,41.8084065357324
123.45453842219283,41.80821803872779
123.47367341217031,41.86282321206997
123.54868211224947,41.93775431262636
123.46857116262147,41.826691668925456
123.54064155523263,41.86104032007324
123.47443827025448,41.88280704123104
123.50410227635422,41.82080326454561
123.49528941741887,41.83697709801384
123.4795263788731,41.83143550274008
123.47725657896817,41.85822827796806
123.479951258687,41.80727798177453
123.46924581034806,41.83097750085842
123.32911776297874,41.77628948026288

123.3733588167203,41.802703502125745

123.33523007959987,41.77639295105803

123.39237871646876,41.80230670242933

123.32128755468196,41.78041731477716
123.35156072446003,41.797263684637024
123.37712692474038,41.786812764941
123.22639422323957,41.730533864951916
123.34365976891004,41.794574952788395
123.37738345285047,41.78737953815269
123.33514376870711,41.80186110910113

123.37712692474038,41.786812764941
123.32225551032226,41.79488685955103
123.36189007715711,41.77170576334445
123.34959871641232,41.77042503580096
123.34488890118683,41.79731773425899
123.36185191820604,41.80175756138295
123.31542782232319,41.78054755882712
123.36050364956428,41.79707949866212
123.36115645183033,41.80204747596202
123.3304438951603,41.789013373548215
123.55594486571617,41.94970866792093
123.39039504253259,41.78917556593759
123.39696617453794,41.788578796968295
123.39019814071754,41.789596602065515
123.41252432121807,41.80949993347646
123.41637913865947,41.793712459443746
123.37478979411108,41.75044391939733
123.39050355948005,41.79197543245382
123.38929575013071,41.790605825090964
123.39090413735862,41.82094368411307
123.3834727268955,41.77651595917027
123.41113765042059,41.802207145977434
123.40347347674106,41.713349847467896
123.39050355948005,41.79197543245382
123.39242834655647,41.79057706749892
123.41910685449407,41.80542471826624
123.38969421017526,41.78497593264754
123.40169727409827,41.79327022473095
123.39311743936004,41.77968042577707
123.39309191257964,41.78351125115385
123.4100674153484,41.77236968828943
123.39888351382709,41.80265046205611
123.41548223009714,41.80237341676064
123.41322509608159,41.799809679636525
123.41906293836227,41.79747588775324
123.41242632821034,41.794962244276455

























123.46053003035173,41.67957605342737
123.41589378069487,41.68744272680234
123.62830773021182,41.80413627557354
123.60594882442304,41.808357733589474
123.53863434029698,41.73430209772929
123.51180863146456,41.68646505807025

123.61410173142121,41.78754919506764
123.54482631504503,41.772941186333405
123.62452265941657,41.80370527705229
123.76520882718073,41.68631274084005
123.44652128305958,41.700604245364566
123.62830773021182,41.80413627557354
123.49155576656304,41.70514576291376
123.47455823175142,41.720934161677825
123.51531248971604,41.83646648845212
123.44551726029648,41.690425595646865
123.57534618620727,41.74110480875059

123.48922998136048,41.67027715097671

123.49037332661413,41.691132196520485

123.50713232908979,41.719056197388056
123.46496260268567,41.73197869406315
123.44517530335004,41.727048243233924
123.64092270186528,41.8162546834246
122.8050655442834,42.00909230377441
123.39028417348906,41.6899237616817

123.60933613073313,41.536913552162616
123.35487690322549,41.6642852725199

123.33143353242929,41.66244827110427



123.332426441572,41.67004803226128
123.51307879119645,41.564154184360355






123.38607689805548,41.68398317062298
123.30214330771184,41.649723007477355
123.34546612194664,41.65587604270398
123.33126033379637,41.66767965258414

123.4096602206367,41.91343751008869
123.4298895204037,41.961121041122325

123.4058912138511,41.9276765270135
123.52541763122863,41.94609968640503
123.34978408315787,42.03982288915869
123.51309556514644,42.03298443938675

123.43875385576466,41.92587798936855
123.50409593464998,41.93898960062123
123.52533267373701,41.95105986143346
123.54755809122551,41.962675203678465
123.40380423623992,41.947399206671406
123.52515233338926,41.949269250082814

123.59998054049542,42.02622672070702



123.52477217833447,42.04304736032216
123.54288279771346,41.95360918309076
123.52065517418764,42.03792989512947
123.56780145363682,41.9311589095963

123.58061606360626,41.916400921637845


123.41763140203045,41.94694599261111
123.44039228904725,41.92622205970236

123.39462036783905,41.942662706533
123.5781144540812,41.93916910756857

123.51433030040488,42.03041765068156
123.50861557950618,41.938135726828115

123.40383523655949,41.94740021692862
123.40600426110908,41.82907899837509
123.44280180891072,41.83319623213022
123.4429454655308,41.83087351438218
123.43920322912523,41.83092934679217
123.41118185467623,41.86431226746461
123.41038420226722,41.87344003613273
123.40205318457419,41.82886766686107
123.41688735067751,41.83742330859504
123.40291048643397,41.83337089681009
123.43759638548049,41.848861568603425
123.41007661573833,41.88370523421974
123.28882635272547,41.657275494895636
123.34297682368341,41.651140284652726
123.33280853485489,41.66820463669252

123.2311954705889,41.73851873349384
123.34856458524058,41.769889763259464
123.26372764567458,41.75666447249859
123.29038334748951,41.76568556745829
123.14154728326157,41.69254404556606
123.2426617652319,41.74584795010964
123.06088643019429,41.688695947473
123.15121293613808,41.694960282137586
123.22639422323957,41.730533864951916
123.24855679617932,41.735117460924975
123.10232548961554,41.670360499866455
123.16064354881865,41.74952345173817
123.23953862361937,41.773688727544425
123.23957696416673,41.77840048712184
123.16369663148761,41.70046642510563
123.26803347274195,41.762148543807946
123.2426617652319,41.74584795010964































123.36529430085841,41.86615732740137
123.39181339771736,41.84956958315602
123.39785645508867,41.840588052705805
123.31094855839179,41.75982925898686
123.1760013930582,41.78015905429141
123.35406074927698,41.75121730213711
123.34665998776248,41.9104446455966
123.29177693323373,41.79237107078854
123.25940872805396,41.86262616933447
123.21389781425788,41.78674626082228

123.18476121968575,41.78632743128515
123.3318836912412,41.936941035572175

123.20707847893226,41.79742598130959
123.35591282432124,41.880625478372
123.3505568549349,41.91420644426336
123.18497451596615,41.82323992520535
123.32390202092928,41.76156036741166
123.20885594280278,41.79185035712647
123.27447581859828,41.80611312124968
123.2837764687707,41.75660786109522
123.33409840661021,41.74134153609343
123.35609996168334,41.87638104290823
123.307891535851,41.76245477505902
123.52173856586663,42.047068796649164

123.41649992331924,41.92264318299493
123.35254367153506,42.061598872426835
123.38669666573881,41.941867622485
123.43860219247223,42.0268488121164

















123.33829313681862,42.73088409461248


123.32145783815346,42.73597948469377

123.48692631150998,42.77649708430124
123.3668560134921,41.7676478497711
123.34603539659852,41.813591390321484
123.34229964664596,41.816031830921624
123.39103072248831,41.802048987096825
123.3401807569577,41.78787236284085
123.35117599351138,41.781249923106415
123.32015748494156,41.82771130426275
123.34970115811971,41.77954238098781
123.35004265982995,41.79788609868148
123.3238023556878,41.818663348857996
123.32056344177428,41.77594193472206
123.33545020836631,41.792142846751446
123.33293171066049,41.77878112676401
123.36907566419723,41.76728437722441
123.36018934695522,41.81143757355215
123.33509523956577,41.7924184962895
123.33360490862337,41.81269374599658
123.33330325712873,41.773943681063244
123.31981492458794,41.78208307193679
123.37454748814976,41.804911358836534
123.34813215921045,41.795493307781946
123.34534595762229,41.80910064768189




123.55738434737164,41.737821887437036



123.54750279194953,41.75812633959279
123.39812440088734,41.65664265909306
123.45913724434814,41.72668325617371
123.47651223521144,41.70517663231029
123.37877798131154,41.96601817339987
123.4541281746118,41.744677376245036
123.50749703498836,41.701665432463535
123.4157916899354,41.68044773548855
123.42690394140051,41.72163345033195



123.3857389655221,41.95374098009132
123.48972257470022,41.96069664549011
123.43855684475625,41.93012192353938


123.51007145702114,42.04929857686691
123.54755809122551,41.962675203678465
123.51375154971905,41.94142666634566
123.53386068478912,42.02011449051123
123.4965047773301,42.03975365657406


123.45119777709168,41.93201897043535
123.40133423966344,41.95545218571381
123.47049538601826,41.949657170763345
123.51621505064513,42.051191177241556
123.38940665680948,41.92420538061784



123.50849857209745,41.94235270695115
123.40768340805275,41.95683858248872
123.52844315651247,42.04895639298983
123.50433431847986,41.942554571742626
123.36334073940209,41.97000515685687
123.60006292480331,41.94981848494406
123.52856042724163,41.962474041417764
123.42482506560074,41.947914019190996
123.42107479272907,41.939608950129575
123.39761505070345,41.914287702816345
123.42479802834774,41.94792898629064
123.53964935785982,42.04753555596962
123.61421593919373,41.917241027543675
123.39749384908872,41.96505549468872


123.45087394378011,41.83958237273025

123.52005459654846,41.9475805928483





















































123.41809714368014,42.492150335855754





122.73176815473389,41.50938235809733

122.75684977569091,41.51506926270677
123.53261964118603,41.810816905838415
123.4663359563933,41.76123890299773
123.43643737152676,41.76888117467532
123.4476576293725,41.78957603098617
123.45889488560029,41.77412388499834
123.42944607037036,41.77592760301015
123.44937436621413,41.758652442017414
123.51205146059692,41.774469742389165
123.49593520049467,41.81249215739333
123.43848194888452,41.81518513414657
123.48445036130168,41.765150901981706
123.54159849296856,41.79929444232204
123.44201120025397,41.81061885834397
123.44958822206463,41.735124869139064
123.52465156813443,41.811581933713235
123.41299279906156,41.786827958501135
123.47801696678295,41.774187630529354
123.42653781747511,41.78971592239682
123.52667859212903,41.83008899916456
123.55011838795014,41.82003071560966
123.44262894583278,41.80814611777458
123.55083704336592,41.819530003821384
123.48848976050452,41.760848131639676
123.44217018712494,41.79905644196193
123.45845655427908,41.7742797872873
123.42896186233673,41.76500053466871
123.42951717591684,41.775968704513595
123.4661385235432,41.79556566892492
123.44240143013621,41.786838323739374
123.56661242162991,41.8167869231443
123.02582305503388,42.41254683291765





123.4220420720653,42.54091106803409
123.2319276952333,42.41052320462382



























123.42660607712754,42.49205019109636

123.05065315508254,42.4620672799204












































122.83782206292648,42.00051747368696
123.3392919582241,41.94691507046826
123.36394266476813,41.749652637895906
123.28147136952876,41.80488065535081
123.39361385477034,41.6826552283284
123.21881868080777,41.788324003738055
123.20919968444731,41.85468631820013
123.37877798131154,41.96601817339987

123.37433855406609,41.85626150217748
123.23329992045824,42.033363763904
123.18801624181803,41.78714996348452
123.26450747774159,41.850687420652925
123.20087752930104,41.85696845681141
123.29744234545328,41.79143183617745
123.30529657675062,41.96928214027022
123.34022518078666,42.725328208683834





123.3981594691632,42.72956278233864







123.34872498497263,42.72429084261595

123.34868098224047,42.72513367251476


122.72362847282848,41.50636787166131



123.50540832753961,41.862466467027026
123.49292104836051,41.84111606610551
123.51592672865246,41.82122623347695
123.48122080811292,41.872033125776305
123.47875220649924,41.80563854872215
123.47765254802516,41.8541513283292
123.4809706382063,41.80928290332687
123.45217055285279,41.8245703067324
123.50289407130697,41.8117918241659
123.47935728491777,41.81339314817417
123.5365570792706,41.89919776434734
123.48832866557012,41.78616326751999
123.47369969070677,41.86863745128871
123.4934349579499,41.84110359803777
123.50516351678557,41.86183873374117
123.51529734194271,41.83715644949528
123.47228105762952,41.8239129046987
123.49275968288907,41.8249815555241
123.46962546197409,41.83540254895442
123.47369969070677,41.86863745128871
123.47957972478524,41.85186784436217
123.50744400305037,41.802584355234444
123.49078781479123,41.84345373317852
123.47125091161948,41.835634029591155
123.47557522192803,41.81839023083996
123.48898853746176,41.81188247420177
123.47590116036992,41.848538223242166


123.318463509705,41.62828120001761
122.8050655442834,42.00909230377441


123.37560881882652,41.669937338108035
123.34298864789488,41.65931168319186



123.38565313369261,41.76330363143131
123.33785523383209,41.65480275090365


123.41302704871094,41.65776749566456










123.332426441572,41.67004803226128
123.47202314377716,41.852793369131504
123.54101071690204,41.90372181768561
123.46820293287104,41.84820979007487
123.45934598951442,41.79020827486685
123.51437039162127,41.834914838612086
123.39304649043711,41.93433226412152
123.41882609995385,41.928564790740715
123.3753116918094,41.970427335090626
123.5672443126469,41.90484365251154
123.57421797030823,41.92738856696279
123.52515233338926,41.949269250082814

123.3993578387765,41.95400572423791
123.5187164241654,41.94468572334776
123.50428519575976,41.94213539527771

123.41271557705251,41.942065495058316
123.38305636458523,42.000370608955
123.44897780878921,41.93987859892292
123.58449430730812,41.93389366653958
123.42308188426276,41.91282142030114
123.42958135449233,41.95182381338892
123.497001494911,42.04070923940082

123.59221578595547,41.96434921235474

123.40279966520158,41.94451367413846
123.38506875614529,41.80572504701964
123.38831573085149,41.79688293141275
123.33146010788941,41.808048873299434
123.35211604716828,41.76336044135944
123.37344904477969,41.79293371700255
123.34187684347536,41.76638544011263
123.52502788158813,42.05124892201216
123.200005021652,41.85291112767935
123.48629904168207,41.93129118602703

123.41276960680688,41.94207153491601
123.51026865036856,41.92297242563328
123.40539817408865,41.836177758531605
123.39581499186193,41.89895481516945
123.38278409725979,41.82210100790504
123.3797330507733,41.81543102741293
123.39356520500579,41.82870215395093
123.46095890617816,41.88998000929623
123.38204800839425,41.82216544315062
123.4315658071797,41.830473389553696
123.41801545881061,41.88569356587077
123.41788281480186,41.889397601762326
123.39758127369927,41.814399120880715
123.4315658071797,41.830473389553696
123.40695940261436,41.829281425215534
123.35115903934549,41.83088780097822
123.4109293370184,41.8671341823924
123.35182067977682,41.82110779631828
123.41046135530542,41.872593055752155
123.45152231581352,41.89188930938855
123.41795655384121,41.87058394308999
123.4507291395203,41.849657164288146
123.42200403281463,41.86776610736974
123.41868590916643,41.87977898098754
123.41340802491314,41.83633839373492
123.4118368411233,41.85962658943346
123.41032607684336,41.87415102439379
123.42290294461036,41.826356593905864
123.450715318297,41.833915986655526
123.38942814976446,41.89957190604166
123.38999364120363,41.81543698369204
123.39357657930113,41.82601816123368
123.45082840916267,41.849621387230954
123.4078790288858,41.812307028777056
123.42380264748131,41.89251418823739
123.35599711496664,41.84176240767788
123.40040318108905,41.81649440866636
123.37525085510555,41.80825466472863
123.40658189382214,41.88860759123448
123.35379325730224,41.84461275530339
123.31076638003981,41.82986020077064
123.38768783368876,41.828481634095
123.3712581962289,41.82637719542343
123.40552862405578,41.83311580128118
123.43971248507326,41.82257832148046
123.36818191230742,41.82733546648625
123.39491949593716,41.77188264334325
123.39152975164646,41.72862256977894
123.3653751401625,41.724652231540844
123.35692983841365,41.71400572686051
123.42119557962295,41.75875408219623
123.37536411290277,41.748607564685216
123.38405307312591,41.78337531573993
123.41057563757039,41.78640931912407
123.40929014317678,41.75103866166741
123.40347347674106,41.713349847467896
123.36628929142043,41.72429317924078
123.41049370327414,41.77157699628916
123.37689452054163,41.76393616487831
123.39311743936004,41.77968042577707
123.40113282515449,41.761689705127786
123.37682903272444,41.7468884802334
123.38897760963062,41.75826067223345
123.38299719744215,41.770176574125045
123.38795034594634,41.759648928282
123.3927914068354,41.76728015584965
123.39086469455316,41.725476053693534
123.41945499723093,41.78559672097121
123.37509483299115,41.767835432629134
123.36997147454944,41.74943768287957
123.41955486659714,41.75892731879082
123.41721311857366,41.79157929348068
123.36612988861009,41.72947981853997
123.37565934086246,41.764837132175906
123.42128407770397,41.76298289266971
123.41340340280263,41.7489495658655
123.42196501191158,41.775842898630174
123.36990671516239,41.72026157727509
123.38752814890252,41.72146453886967
123.37536411290277,41.748607564685216
123.3908148137757,41.788468487434514
123.38463841590897,41.77623536039367
123.41724027170198,41.755318309667935
123.37536411290277,41.748607564685216
123.39914230567138,41.7753965589858
123.38858966099475,41.78151243654143
123.41475986575546,41.787204319926545
123.3927914068354,41.76728015584965
123.48126517034487,41.748225794759236

123.40708703561069,41.68369739219901
123.65839925707772,41.81547907424879
123.45688428478833,41.68580400532051
123.66871105060918,41.90811943790653
123.5345351370002,41.7606215902371
123.4939890659885,41.74662058235337
123.5380096679491,41.763367345988584
123.1760013930582,41.78015905429141
123.25432004974229,41.8138884394864
123.30130900726589,41.88628765784326
123.33361975912308,41.75634421126031
123.39384502569041,41.85692439916353
123.29187916606102,41.91867417389407



123.25937722359632,41.74976791921294

123.17971088780669,41.70573632012755
123.0916387318377,41.687043758456014
123.28189519537334,41.75522651042327
123.18826084084272,41.697466341979386
123.22534720234012,41.72909932560945
123.22829023788013,41.73234782584857
123.19591220039801,41.702773942192124
123.22144608613434,41.786967299663615
123.22508119637801,41.73603945661268
123.2549540717018,41.72762223153406
123.20028357555155,41.70460819361261
123.14617802685014,41.69392361355046
123.26663620617023,41.75313541118305
123.23808971808937,41.777416271070415
123.26067220730994,41.74342565232569
123.30752994504857,41.774622708472926
123.24285136596059,41.740585415620664
123.07969477522339,41.65156464253639
123.18268060334506,41.70739939157463
123.24025431441424,41.707355848561505
123.24401052356926,41.74129335744353
123.20571446200613,41.70652436341199
123.17057655395946,41.70223902988543
123.07698417102772,41.651704342722006
123.25638745278309,41.763047558118096
123.10353433892601,41.62621994325406
123.28110662049733,41.765696828943845
123.19591220039801,41.702773942192124
123.34333099504882,41.66414518872865
123.4094765725226,41.62798737746965
123.31933487736605,41.67097095071154
123.22611444781359,41.95553751683673



123.52850164057305,41.63695729052363
123.32065222601713,41.68207756552228
123.33560630658965,41.67371345297142




123.41847396526354,41.892077299883596
123.38456614117406,41.82810601150926
123.4602021939292,41.85006583520804
123.42200403281463,41.86776610736974
123.43891785252865,41.857678124424055
123.40627391069972,41.82480212999417
123.40265010487863,41.815021934352046
123.44693224023207,41.892991259917736
123.42321854816865,41.81769103581773
123.39600843883935,41.90219998159226
123.43510358804875,41.82009715573903
123.40412110625253,41.82896727645219
123.40193144803135,41.81300977869557
123.46637231525493,41.84539682218469
123.42532155024317,41.75866401056344
123.38761907371608,41.72137951370173
123.41656470200377,41.75543668345286
123.41019851220676,41.77205878584229







123.40948632505422,41.88415990136755
123.43514776356723,41.81236333112965
123.44240143013621,41.786838323739374
123.49241186552601,41.770922172475316
123.4635457153106,41.77767156572649
123.43589004694368,41.79911789689728
123.46372931988553,41.77750305367147
123.43643737152676,41.76888117467532



123.47118512630786,41.696036882719994

123.63047104874947,41.778580201740255
123.50870154682555,41.74441221256876
123.42690394140051,41.72163345033195
123.350780655713,41.890220803815154
123.39356520500579,41.82870215395093








123.43983146144335,41.489066046598566
123.12868709996646,41.71525580041972
123.35517898925974,41.77917482691423
123.26444899406776,41.75276421548248
123.2433842711001,41.70206275297209
