2019-01-01,4¡æ,-6¡æ,10
2019-01-02,3¡æ,-7¡æ,10
2019-01-03,2¡æ,-7¡æ,9
2019-01-04,1¡æ,-3¡æ,4
2019-01-05,5¡æ,-5¡æ,10
2019-01-06,3¡æ,-5¡æ,8
2019-01-07,3¡æ,-4¡æ,7
2019-01-08,4¡æ,-5¡æ,9
2019-01-09,2¡æ,-2¡æ,4
2019-01-10,3¡æ,-6¡æ,9
2019-01-11,6¡æ,-4¡æ,10
2019-01-12,5¡æ,-5¡æ,10
2019-01-13,6¡æ,-5¡æ,11
2019-01-14,6¡æ,-4¡æ,10
2019-01-15,3¡æ,-5¡æ,8
2019-01-16,4¡æ,-7¡æ,11
2019-01-17,6¡æ,-7¡æ,13
2019-01-18,4¡æ,-6¡æ,10
2019-01-19,5¡æ,-4¡æ,9
2019-01-20,6¡æ,-4¡æ,10
2019-01-21,6¡æ,-2¡æ,8
2019-01-22,10¡æ,0¡æ,10
2019-01-23,12¡æ,1¡æ,11
2019-01-24,10¡æ,-5¡æ,15
2019-01-25,8¡æ,0¡æ,8
2019-01-26,6¡æ,-2¡æ,8
2019-01-27,7¡æ,1¡æ,6
2019-01-28,5¡æ,-2¡æ,7
2019-01-29,4¡æ,-1¡æ,5
2019-01-30,5¡æ,1¡æ,4
2019-01-31,6¡æ,0¡æ,6
2019-02-01,7¡æ,-7¡æ,14
2019-02-02,9¡æ,-3¡æ,12
2019-02-03,10¡æ,1¡æ,9
2019-02-04,11¡æ,-3¡æ,14
2019-02-05,14¡æ,0¡æ,14
2019-02-06,12¡æ,-1¡æ,13
2019-02-07,9¡æ,0¡æ,9
2019-02-08,6¡æ,-1¡æ,7
2019-02-09,1¡æ,-3¡æ,4
2019-02-10,3¡æ,-4¡æ,7
2019-02-11,5¡æ,-6¡æ,11
2019-02-12,10¡æ,-3¡æ,13
2019-02-13,6¡æ,0¡æ,6
2019-02-14,5¡æ,-1¡æ,6
2019-02-15,7¡æ,-2¡æ,9
2019-02-16,5¡æ,-2¡æ,7
2019-02-17,3¡æ,-2¡æ,5
2019-02-18,4¡æ,-1¡æ,5
2019-02-19,7¡æ,-2¡æ,9
2019-02-20,8¡æ,0¡æ,8
2019-02-21,5¡æ,0¡æ,5
2019-02-22,10¡æ,-2¡æ,12
2019-02-23,12¡æ,-1¡æ,13
2019-02-24,11¡æ,2¡æ,9
2019-02-25,13¡æ,3¡æ,10
2019-02-26,10¡æ,5¡æ,5
2019-02-27,9¡æ,1¡æ,8
2019-02-28,14¡æ,2¡æ,12
2019-03-01,10¡æ,5¡æ,5
2019-03-02,7¡æ,4¡æ,3
2019-03-03,15¡æ,1¡æ,14
2019-03-04,14¡æ,2¡æ,12
2019-03-05,15¡æ,6¡æ,9
2019-03-06,15¡æ,3¡æ,12
2019-03-07,12¡æ,5¡æ,7
2019-03-08,13¡æ,4¡æ,9
2019-03-09,17¡æ,3¡æ,14
2019-03-10,15¡æ,3¡æ,12
2019-03-11,16¡æ,0¡æ,16
2019-03-12,18¡æ,2¡æ,16
2019-03-13,13¡æ,5¡æ,8
2019-03-14,21¡æ,4¡æ,17
2019-03-15,19¡æ,3¡æ,16
2019-03-16,22¡æ,6¡æ,16
2019-03-17,20¡æ,6¡æ,14
2019-03-18,22¡æ,9¡æ,13
2019-03-19,23¡æ,10¡æ,13
2019-03-20,28¡æ,11¡æ,17
2019-03-21,15¡æ,8¡æ,7
2019-03-22,16¡æ,4¡æ,12
2019-03-23,19¡æ,4¡æ,15
2019-03-24,12¡æ,-6¡æ,18
2019-03-25,26¡æ,6¡æ,20
2019-03-26,27¡æ,8¡æ,19
2019-03-27,26¡æ,12¡æ,14
2019-03-28,7¡æ,-7¡æ,14
2019-03-29,23¡æ,9¡æ,14
2019-03-30,7¡æ,-2¡æ,9
2019-03-31,19¡æ,6¡æ,13
2019-04-01,24¡æ,6¡æ,18
2019-04-02,21¡æ,11¡æ,10
2019-04-03,14¡æ,-6¡æ,20
2019-04-04,25¡æ,11¡æ,14
2019-04-05,28¡æ,9¡æ,19
2019-04-06,13¡æ,-4¡æ,17
2019-04-07,31¡æ,14¡æ,17
2019-04-08,28¡æ,17¡æ,11
2019-04-09,13¡æ,-4¡æ,17
2019-04-10,20¡æ,10¡æ,10
2019-04-11,23¡æ,9¡æ,14
2019-04-12,15¡æ,9¡æ,6
2019-04-13,22¡æ,7¡æ,15
2019-04-14,22¡æ,10¡æ,12
2019-04-15,22¡æ,11¡æ,11
2019-04-16,24¡æ,8¡æ,16
2019-04-17,32¡æ,14¡æ,18
2019-04-18,35¡æ,18¡æ,17
2019-04-19,29¡æ,16¡æ,13
2019-04-20,18¡æ,14¡æ,4
2019-04-21,21¡æ,12¡æ,9
2019-04-22,26¡æ,15¡æ,11
2019-04-23,28¡æ,15¡æ,13
2019-04-24,32¡æ,15¡æ,17
2019-04-25,32¡æ,16¡æ,16
2019-04-26,25¡æ,13¡æ,12
2019-04-27,18¡æ,10¡æ,8
2019-04-28,14¡æ,9¡æ,5
2019-04-29,23¡æ,9¡æ,14
2019-04-30,25¡æ,15¡æ,10
2019-05-01,26¡æ,13¡æ,13
2019-05-02,24¡æ,15¡æ,9
2019-05-03,26¡æ,14¡æ,12
2019-05-04,27¡æ,15¡æ,12
2019-05-05,20¡æ,17¡æ,3
2019-05-06,17¡æ,12¡æ,5
2019-05-07,23¡æ,4¡æ,19
2019-05-08,22¡æ,11¡æ,11
2019-05-09,24¡æ,12¡æ,12
2019-05-10,27¡æ,11¡æ,16
2019-05-11,27¡æ,15¡æ,12
2019-05-12,28¡æ,10¡æ,18
2019-05-13,26¡æ,11¡æ,15
2019-05-14,23¡æ,14¡æ,9
2019-05-15,29¡æ,14¡æ,15
2019-05-16,29¡æ,15¡æ,14
2019-05-17,30¡æ,14¡æ,16
2019-05-18,27¡æ,14¡æ,13
2019-05-19,24¡æ,18¡æ,6
2019-05-20,25¡æ,13¡æ,12
2019-05-21,30¡æ,13¡æ,17
2019-05-22,33¡æ,15¡æ,18
2019-05-23,36¡æ,17¡æ,19
2019-05-24,35¡æ,20¡æ,15
2019-05-25,35¡æ,20¡æ,15
2019-05-26,32¡æ,22¡æ,10
2019-05-27,24¡æ,14¡æ,10
2019-05-28,18¡æ,13¡æ,5
2019-05-29,24¡æ,12¡æ,12
2019-05-30,30¡æ,16¡æ,14
2019-05-31,30¡æ,18¡æ,12
2019-06-01,35¡æ,16¡æ,19
2019-06-02,26¡æ,15¡æ,11
2019-06-03,37¡æ,19¡æ,18
2019-06-04,35¡æ,20¡æ,15
2019-06-05,25¡æ,18¡æ,7
2019-06-06,31¡æ,18¡æ,13
2019-06-07,32¡æ,17¡æ,15
2019-06-08,32¡æ,18¡æ,14
2019-06-09,35¡æ,21¡æ,14
2019-06-10,22¡æ,13¡æ,9
2019-06-11,31¡æ,24¡æ,7
2019-06-12,31¡æ,22¡æ,9
2019-06-13,23¡æ,16¡æ,7
2019-06-14,23¡æ,13¡æ,10
2019-06-15,30¡æ,22¡æ,8
2019-06-16,31¡æ,20¡æ,11
2019-06-17,31¡æ,24¡æ,7
2019-06-18,31¡æ,23¡æ,8
2019-06-19,29¡æ,20¡æ,9
2019-06-20,24¡æ,19¡æ,5
2019-06-21,23¡æ,20¡æ,3
2019-06-22,27¡æ,20¡æ,7
2019-06-23,32¡æ,19¡æ,13
2019-06-24,26¡æ,22¡æ,4
2019-06-25,31¡æ,20¡æ,11
2019-06-26,31¡æ,22¡æ,9
2019-06-27,24¡æ,18¡æ,6
2019-06-28,25¡æ,18¡æ,7
2019-06-29,31¡æ,19¡æ,12
2019-06-30,30¡æ,19¡æ,11
2019-07-01,33¡æ,18¡æ,15
2019-07-02,34¡æ,21¡æ,13
2019-07-03,32¡æ,21¡æ,11
2019-07-04,34¡æ,21¡æ,13
2019-07-05,34¡æ,20¡æ,14
2019-07-06,34¡æ,21¡æ,13
2019-07-07,30¡æ,19¡æ,11
2019-07-08,28¡æ,22¡æ,6
2019-07-09,27¡æ,20¡æ,7
2019-07-10,30¡æ,19¡æ,11
2019-07-11,31¡æ,19¡æ,12
2019-07-12,30¡æ,21¡æ,9
2019-07-13,35¡æ,22¡æ,13
2019-07-14,35¡æ,21¡æ,14
2019-07-15,35¡æ,23¡æ,12
2019-07-16,28¡æ,22¡æ,6
2019-07-17,26¡æ,20¡æ,6
2019-07-18,26¡æ,21¡æ,5
2019-07-19,29¡æ,21¡æ,8
2019-07-20,32¡æ,21¡æ,11
2019-07-21,35¡æ,24¡æ,11
2019-07-22,30¡æ,22¡æ,8
2019-07-23,33¡æ,20¡æ,13
2019-07-24,33¡æ,22¡æ,11
2019-07-25,35¡æ,24¡æ,11
2019-07-26,37¡æ,26¡æ,11
2019-07-27,37¡æ,24¡æ,13
2019-07-28,38¡æ,27¡æ,11
2019-07-29,31¡æ,24¡æ,7
2019-07-30,33¡æ,23¡æ,10
2019-07-31,35¡æ,22¡æ,13
2019-08-01,36¡æ,25¡æ,11
2019-08-02,33¡æ,25¡æ,8
2019-08-03,28¡æ,23¡æ,5
2019-08-04,33¡æ,23¡æ,10
2019-08-05,31¡æ,22¡æ,9
2019-08-06,26¡æ,21¡æ,5
2019-08-07,31¡æ,21¡æ,10
2019-08-08,31¡æ,23¡æ,8
2019-08-09,28¡æ,22¡æ,6
2019-08-10,32¡æ,20¡æ,12
2019-08-11,33¡æ,23¡æ,10
2019-08-12,34¡æ,23¡æ,11
2019-08-13,34¡æ,23¡æ,11
2019-08-14,34¡æ,25¡æ,9
2019-08-15,35¡æ,25¡æ,10
2019-08-16,36¡æ,24¡æ,12
2019-08-17,33¡æ,24¡æ,9
2019-08-18,33¡æ,23¡æ,10
2019-08-19,34¡æ,26¡æ,8
2019-08-20,33¡æ,21¡æ,12
2019-08-21,28¡æ,21¡æ,7
2019-08-22,30¡æ,21¡æ,9
2019-08-23,29¡æ,22¡æ,7
2019-08-24,31¡æ,22¡æ,9
2019-08-25,31¡æ,24¡æ,7
2019-08-26,29¡æ,19¡æ,10
2019-08-27,25¡æ,20¡æ,5
2019-08-28,28¡æ,20¡æ,8
2019-08-29,30¡æ,19¡æ,11
2019-08-30,29¡æ,18¡æ,11
2019-08-31,27¡æ,18¡æ,9
2019-09-01,26¡æ,19¡æ,7
2019-09-02,29¡æ,18¡æ,11
2019-09-03,28¡æ,19¡æ,9
2019-09-04,24¡æ,20¡æ,4
2019-09-05,29¡æ,19¡æ,10
2019-09-06,30¡æ,19¡æ,11
2019-09-07,30¡æ,21¡æ,9
2019-09-08,32¡æ,21¡æ,11
2019-09-09,29¡æ,20¡æ,9
2019-09-10,23¡æ,19¡æ,4
2019-09-11,26¡æ,20¡æ,6
2019-09-12,31¡æ,19¡æ,12
2019-09-13,20¡æ,13¡æ,7
2019-09-14,21¡æ,13¡æ,8
2019-09-15,16¡æ,14¡æ,2
2019-09-16,22¡æ,14¡æ,8
2019-09-17,20¡æ,15¡æ,5
2019-09-18,19¡æ,14¡æ,5
2019-09-19,19¡æ,15¡æ,4
2019-09-20,24¡æ,14¡æ,10
2019-09-21,24¡æ,12¡æ,12
2019-09-22,27¡æ,12¡æ,15
2019-09-23,26¡æ,13¡æ,13
2019-09-24,26¡æ,14¡æ,12
2019-09-25,26¡æ,12¡æ,14
2019-09-26,26¡æ,15¡æ,11
2019-09-27,27¡æ,15¡æ,12
2019-09-28,26¡æ,14¡æ,12
2019-09-29,28¡æ,16¡æ,12
2019-09-30,30¡æ,17¡æ,13
2019-10-01,25¡æ,19¡æ,6
2019-10-02,29¡æ,17¡æ,12
2019-10-03,23¡æ,18¡æ,5
2019-10-04,20¡æ,15¡æ,5
2019-10-05,17¡æ,13¡æ,4
2019-10-06,13¡æ,11¡æ,2
2019-10-07,20¡æ,11¡æ,9
2019-10-08,18¡æ,13¡æ,5
2019-10-09,16¡æ,12¡æ,4
2019-10-10,20¡æ,11¡æ,9
2019-10-11,21¡æ,13¡æ,8
2019-10-12,21¡æ,11¡æ,10
2019-10-13,22¡æ,12¡æ,10
2019-10-14,17¡æ,10¡æ,7
2019-10-15,12¡æ,7¡æ,5
2019-10-16,17¡æ,8¡æ,9
2019-10-17,19¡æ,6¡æ,13
2019-10-18,21¡æ,9¡æ,12
2019-10-19,20¡æ,9¡æ,11
2019-10-20,17¡æ,11¡æ,6
2019-10-21,17¡æ,10¡æ,7
2019-10-22,16¡æ,11¡æ,5
2019-10-23,21¡æ,10¡æ,11
2019-10-24,12¡æ,8¡æ,4
2019-10-25,14¡æ,7¡æ,7
2019-10-26,17¡æ,8¡æ,9
2019-10-27,19¡æ,5¡æ,14
2019-10-28,21¡æ,8¡æ,13
2019-10-29,20¡æ,4¡æ,16
2019-10-30,20¡æ,8¡æ,12
2019-10-31,18¡æ,8¡æ,10
2019-11-01,15¡æ,9¡æ,6
2019-11-02,19¡æ,8¡æ,11
2019-11-03,20¡æ,8¡æ,12
2019-11-04,18¡æ,8¡æ,10
2019-11-05,16¡æ,8¡æ,8
2019-11-06,15¡æ,11¡æ,4
2019-11-07,18¡æ,9¡æ,9
2019-11-08,17¡æ,9¡æ,8
2019-11-09,13¡æ,8¡æ,5
2019-11-10,18¡æ,5¡æ,13
2019-11-11,10¡æ,-5¡æ,15
2019-11-12,14¡æ,10¡æ,4
2019-11-13,13¡æ,6¡æ,7
2019-11-14,18¡æ,0¡æ,18
2019-11-15,17¡æ,5¡æ,12
2019-11-16,17¡æ,7¡æ,10
2019-11-17,11¡æ,4¡æ,7
2019-11-18,11¡æ,-1¡æ,12
2019-11-19,12¡æ,0¡æ,12
2019-11-20,9¡æ,2¡æ,7
2019-11-21,12¡æ,2¡æ,10
2019-11-22,13¡æ,3¡æ,10
2019-11-23,13¡æ,5¡æ,8
2019-11-24,9¡æ,1¡æ,8
2019-11-25,6¡æ,1¡æ,5
2019-11-26,6¡æ,3¡æ,3
2019-11-27,-5¡æ,-17¡æ,12
2019-11-28,6¡æ,1¡æ,5
2019-11-29,5¡æ,2¡æ,3
2019-11-30,5¡æ,1¡æ,4
2019-12-01,7¡æ,-1¡æ,8
2019-12-02,7¡æ,-3¡æ,10
2019-12-03,9¡æ,0¡æ,9
2019-12-04,10¡æ,-3¡æ,13
2019-12-05,10¡æ,-1¡æ,11
2019-12-06,8¡æ,-2¡æ,10
2019-12-07,9¡æ,-2¡æ,11
2019-12-08,12¡æ,-1¡æ,13
2019-12-09,14¡æ,1¡æ,13
2019-12-10,13¡æ,-2¡æ,15
2019-12-11,11¡æ,-3¡æ,14
2019-12-12,9¡æ,1¡æ,8
2019-12-13,1¡æ,-14¡æ,15
2019-12-14,9¡æ,3¡æ,6
2019-12-15,4¡æ,2¡æ,2
2019-12-16,9¡æ,1¡æ,8
2019-12-17,10¡æ,1¡æ,9
2019-12-18,9¡æ,-2¡æ,11
2019-12-19,9¡æ,0¡æ,9
2019-12-20,9¡æ,-1¡æ,10
2019-12-21,7¡æ,-2¡æ,9
2019-12-22,8¡æ,-1¡æ,9
2019-12-23,5¡æ,-1¡æ,6
2019-12-24,4¡æ,-1¡æ,5
2019-12-25,4¡æ,0¡æ,4
2019-12-26,8¡æ,-3¡æ,11
2019-12-27,12¡æ,-3¡æ,15
2019-12-28,11¡æ,-1¡æ,12
2019-12-29,11¡æ,-1¡æ,12
2019-12-30,6¡æ,-3¡æ,9
2019-12-31,3¡æ,-4¡æ,7
2020-01-01,2¡æ,-3¡æ,5
2020-01-02,7¡æ,-2¡æ,9
2020-01-03,9¡æ,-2¡æ,11
2020-01-04,-4¡æ,-19¡æ,15
2020-01-05,3¡æ,1¡æ,2
2020-01-06,3¡æ,1¡æ,2
2020-01-07,9¡æ,0¡æ,9
2020-01-08,4¡æ,-4¡æ,8
2020-01-09,3¡æ,-1¡æ,4
2020-01-10,4¡æ,-1¡æ,5
2020-01-11,7¡æ,-1¡æ,8
2020-01-12,6¡æ,-1¡æ,7
2020-01-13,6¡æ,-1¡æ,7
2020-01-14,6¡æ,-3¡æ,9
2020-01-15,1¡æ,-1¡æ,2
2020-01-16,7¡æ,-2¡æ,9
2020-01-17,8¡æ,-4¡æ,12
2020-01-18,6¡æ,-2¡æ,8
2020-01-19,8¡æ,-3¡æ,11
2020-01-20,9¡æ,-3¡æ,12
2020-01-21,5¡æ,-1¡æ,6
2020-01-22,8¡æ,-1¡æ,9
2020-01-23,9¡æ,-1¡æ,10
2020-01-24,6¡æ,-1¡æ,7
2020-01-25,-5¡æ,-22¡æ,17
2020-01-26,5¡æ,0¡æ,5
2020-01-27,7¡æ,0¡æ,7
2020-01-28,9¡æ,-2¡æ,11
2020-01-29,10¡æ,-2¡æ,12
2020-01-30,10¡æ,-1¡æ,11
2020-01-31,8¡æ,-2¡æ,10
2020-02-01,8¡æ,2¡æ,6
2020-02-02,11¡æ,2¡æ,9
2020-02-03,8¡æ,-2¡æ,10
2020-02-04,13¡æ,-2¡æ,15
2020-02-05,7¡æ,0¡æ,7
2020-02-06,5¡æ,0¡æ,5
2020-02-07,8¡æ,-1¡æ,9
2020-02-08,12¡æ,-2¡æ,14
2020-02-09,12¡æ,-2¡æ,14
2020-02-10,13¡æ,-1¡æ,14
2020-02-11,14¡æ,-1¡æ,15
2020-02-12,16¡æ,-1¡æ,17
2020-02-13,17¡æ,1¡æ,16
2020-02-14,8¡æ,2¡æ,6
2020-02-15,5¡æ,-2¡æ,7
2020-02-16,-9¡æ,-15¡æ,6
2020-02-17,9¡æ,-4¡æ,13
2020-02-18,12¡æ,-2¡æ,14
2020-02-19,14¡æ,-2¡æ,16
2020-02-20,10¡æ,3¡æ,7
2020-02-21,15¡æ,-1¡æ,16
2020-02-22,15¡æ,0¡æ,15
2020-02-23,17¡æ,1¡æ,16
2020-02-24,20¡æ,5¡æ,15
2020-02-25,20¡æ,4¡æ,16
2020-02-26,17¡æ,7¡æ,10
2020-02-27,13¡æ,3¡æ,10
2020-02-28,13¡æ,3¡æ,10
2020-02-29,17¡æ,2¡æ,15
2020-03-01,16¡æ,2¡æ,14
2020-03-02,10¡æ,5¡æ,5
2020-03-03,12¡æ,5¡æ,7
2020-03-04,16¡æ,0¡æ,16
2020-03-05,16¡æ,3¡æ,13
2020-03-06,18¡æ,5¡æ,13
2020-03-07,20¡æ,5¡æ,15
2020-03-08,17¡æ,9¡æ,8
2020-03-09,17¡æ,8¡æ,9
2020-03-10,16¡æ,2¡æ,14
2020-03-11,18¡æ,0¡æ,18
2020-03-12,19¡æ,7¡æ,12
2020-03-13,17¡æ,4¡æ,13
2020-03-14,17¡æ,3¡æ,14
2020-03-15,19¡æ,3¡æ,16
2020-03-16,17¡æ,9¡æ,8
2020-03-17,21¡æ,5¡æ,16
2020-03-18,24¡æ,5¡æ,19
2020-03-19,25¡æ,5¡æ,20
2020-03-20,25¡æ,8¡æ,17
2020-03-21,23¡æ,11¡æ,12
2020-03-22,24¡æ,10¡æ,14
2020-03-23,25¡æ,8¡æ,17
2020-03-24,25¡æ,10¡æ,15
2020-03-25,27¡æ,12¡æ,15
2020-03-26,20¡æ,8¡æ,12
2020-03-27,11¡æ,6¡æ,5
2020-03-28,14¡æ,4¡æ,10
2020-03-29,13¡æ,6¡æ,7
2020-03-30,16¡æ,0¡æ,16
2020-03-31,21¡æ,6¡æ,15
2020-04-01,18¡æ,7¡æ,11
2020-04-02,12¡æ,8¡æ,4
2020-04-03,15¡æ,7¡æ,8
2020-04-04,4¡æ,-7¡æ,11
2020-04-05,21¡æ,9¡æ,12
2020-04-06,22¡æ,10¡æ,12
2020-04-07,23¡æ,10¡æ,13
2020-04-08,27¡æ,9¡æ,18
2020-04-09,10¡æ,-4¡æ,14
2020-04-10,20¡æ,7¡æ,13
2020-04-11,17¡æ,5¡æ,12
2020-04-12,22¡æ,5¡æ,17
2020-04-13,26¡æ,7¡æ,19
2020-04-14,27¡æ,9¡æ,18
2020-04-15,26¡æ,9¡æ,17
2020-04-16,24¡æ,10¡æ,14
2020-04-17,21¡æ,11¡æ,10
2020-04-18,14¡æ,11¡æ,3
2020-04-19,25¡æ,7¡æ,18
2020-04-20,19¡æ,12¡æ,7
2020-04-21,19¡æ,10¡æ,9
2020-04-22,21¡æ,6¡æ,15
2020-04-23,22¡æ,8¡æ,14
2020-04-24,24¡æ,6¡æ,18
2020-04-25,28¡æ,9¡æ,19
2020-04-26,31¡æ,12¡æ,19
2020-04-27,28¡æ,15¡æ,13
2020-04-28,31¡æ,13¡æ,18
2020-04-29,33¡æ,16¡æ,17
2020-04-30,34¡æ,15¡æ,19
2020-05-01,36¡æ,18¡æ,18
2020-05-02,37¡æ,18¡æ,19
2020-05-03,39¡æ,20¡æ,19
2020-05-04,37¡æ,18¡æ,19
2020-05-05,31¡æ,15¡æ,16
2020-05-06,30¡æ,17¡æ,13
2020-05-07,22¡æ,16¡æ,6
2020-05-08,22¡æ,15¡æ,7
2020-05-09,21¡æ,13¡æ,8
2020-05-10,26¡æ,8¡æ,18
2020-05-11,25¡æ,14¡æ,11
2020-05-12,29¡æ,11¡æ,18
2020-05-13,21¡æ,13¡æ,8
2020-05-14,28¡æ,11¡æ,17
2020-05-15,30¡æ,15¡æ,15
2020-05-16,33¡æ,17¡æ,16
2020-05-17,35¡æ,15¡æ,20
2020-05-18,27¡æ,17¡æ,10
2020-05-19,29¡æ,14¡æ,15
2020-05-20,29¡æ,15¡æ,14
2020-05-21,32¡æ,17¡æ,15
2020-05-22,34¡æ,18¡æ,16
2020-05-23,33¡æ,20¡æ,13
2020-05-24,26¡æ,15¡æ,11
2020-05-25,30¡æ,17¡æ,13
2020-05-26,31¡æ,20¡æ,11
2020-05-27,29¡æ,19¡æ,10
2020-05-28,33¡æ,16¡æ,17
2020-05-29,34¡æ,18¡æ,16
2020-05-30,33¡æ,20¡æ,13
2020-05-31,33¡æ,20¡æ,13
2020-06-01,34¡æ,20¡æ,14
2020-06-02,33¡æ,22¡æ,11
2020-06-03,36¡æ,19¡æ,17
2020-06-04,37¡æ,19¡æ,18
2020-06-05,38¡æ,22¡æ,16
2020-06-06,37¡æ,25¡æ,12
2020-06-07,33¡æ,25¡æ,8
2020-06-08,28¡æ,16¡æ,12
2020-06-09,20¡æ,16¡æ,4
2020-06-10,29¡æ,17¡æ,12
2020-06-11,26¡æ,19¡æ,7
2020-06-12,29¡æ,20¡æ,9
2020-06-13,31¡æ,21¡æ,10
2020-06-14,31¡æ,21¡æ,10
2020-06-15,27¡æ,18¡æ,9
2020-06-16,22¡æ,18¡æ,4
2020-06-17,24¡æ,18¡æ,6
2020-06-18,31¡æ,17¡æ,14
2020-06-19,31¡æ,19¡æ,12
2020-06-20,30¡æ,23¡æ,7
2020-06-21,29¡æ,20¡æ,9
2020-06-22,25¡æ,22¡æ,3
2020-06-23,29¡æ,19¡æ,10
2020-06-24,33¡æ,20¡æ,13
2020-06-25,34¡æ,22¡æ,12
2020-06-26,27¡æ,21¡æ,6
2020-06-27,27¡æ,21¡æ,6
2020-06-28,28¡æ,21¡æ,7
2020-06-29,36¡æ,21¡æ,15
2020-06-30,35¡æ,21¡æ,14
2020-07-01,29¡æ,21¡æ,8
2020-07-02,36¡æ,23¡æ,13
2020-07-03,37¡æ,24¡æ,13
2020-07-04,32¡æ,25¡æ,7
2020-07-05,32¡æ,22¡æ,10
2020-07-06,36¡æ,22¡æ,14
2020-07-07,37¡æ,24¡æ,13
2020-07-08,37¡æ,24¡æ,13
2020-07-09,36¡æ,26¡æ,10
2020-07-10,31¡æ,23¡æ,8
2020-07-11,24¡æ,19¡æ,5
2020-07-12,29¡æ,20¡æ,9
2020-07-13,30¡æ,21¡æ,9
2020-07-14,24¡æ,21¡æ,3
2020-07-15,28¡æ,20¡æ,8
2020-07-16,29¡æ,21¡æ,8
2020-07-17,28¡æ,21¡æ,7
2020-07-18,26¡æ,19¡æ,7
2020-07-19,31¡æ,19¡æ,12
2020-07-20,33¡æ,17¡æ,16
2020-07-21,27¡æ,23¡æ,4
2020-07-22,27¡æ,22¡æ,5
2020-07-23,24¡æ,19¡æ,5
2020-07-24,24¡æ,21¡æ,3
2020-07-25,23¡æ,20¡æ,3
2020-07-26,32¡æ,20¡æ,12
2020-07-27,32¡æ,19¡æ,13
2020-07-28,33¡æ,22¡æ,11
2020-07-29,32¡æ,21¡æ,11
2020-07-30,30¡æ,22¡æ,8
2020-07-31,32¡æ,22¡æ,10
2020-08-01,31¡æ,23¡æ,8
2020-08-02,33¡æ,25¡æ,8
2020-08-03,33¡æ,24¡æ,9
2020-08-04,34¡æ,24¡æ,10
2020-08-05,34¡æ,25¡æ,9
2020-08-06,28¡æ,25¡æ,3
2020-08-07,27¡æ,24¡æ,3
2020-08-08,31¡æ,23¡æ,8
2020-08-09,33¡æ,24¡æ,9
2020-08-10,35¡æ,23¡æ,12
2020-08-11,30¡æ,25¡æ,5
2020-08-12,29¡æ,19¡æ,10
2020-08-13,28¡æ,20¡æ,8
2020-08-14,29¡æ,20¡æ,9
2020-08-15,24¡æ,21¡æ,3
2020-08-16,26¡æ,21¡æ,5
2020-08-17,30¡æ,21¡æ,9
2020-08-18,25¡æ,18¡æ,7
2020-08-19,23¡æ,18¡æ,5
2020-08-20,25¡æ,17¡æ,8
2020-08-21,29¡æ,19¡æ,10
2020-08-22,29¡æ,19¡æ,10
2020-08-23,29¡æ,20¡æ,9
2020-08-24,28¡æ,20¡æ,8
2020-08-25,31¡æ,19¡æ,12
2020-08-26,31¡æ,19¡æ,12
2020-08-27,31¡æ,20¡æ,11
2020-08-28,33¡æ,20¡æ,13
2020-08-29,35¡æ,22¡æ,13
2020-08-30,29¡æ,20¡æ,9
2020-08-31,26¡æ,19¡æ,7
2020-09-01,29¡æ,18¡æ,11
2020-09-02,30¡æ,18¡æ,12
2020-09-03,31¡æ,16¡æ,15
2020-09-04,32¡æ,17¡æ,15
2020-09-05,31¡æ,18¡æ,13
2020-09-06,33¡æ,19¡æ,14
2020-09-07,34¡æ,19¡æ,15
2020-09-08,34¡æ,19¡æ,15
2020-09-09,24¡æ,18¡æ,6
2020-09-10,29¡æ,17¡æ,12
2020-09-11,29¡æ,18¡æ,11
2020-09-12,31¡æ,20¡æ,11
2020-09-13,28¡æ,19¡æ,9
2020-09-14,25¡æ,19¡æ,6
2020-09-15,29¡æ,18¡æ,11
2020-09-16,25¡æ,17¡æ,8
2020-09-17,29¡æ,20¡æ,9
2020-09-18,31¡æ,18¡æ,13
2020-09-19,28¡æ,18¡æ,10
2020-09-20,17¡æ,14¡æ,3
2020-09-21,15¡æ,13¡æ,2
2020-09-22,17¡æ,13¡æ,4
2020-09-23,24¡æ,12¡æ,12
2020-09-24,27¡æ,17¡æ,10
2020-09-25,22¡æ,15¡æ,7
2020-09-26,28¡æ,18¡æ,10
2020-09-27,23¡æ,17¡æ,6
2020-09-28,21¡æ,16¡æ,5
2020-09-29,26¡æ,16¡æ,10
2020-09-30,24¡æ,17¡æ,7
2020-10-01,22¡æ,15¡æ,7
2020-10-02,13¡æ,11¡æ,2
2020-10-03,14¡æ,12¡æ,2
2020-10-04,14¡æ,11¡æ,3
2020-10-05,14¡æ,10¡æ,4
2020-10-06,12¡æ,8¡æ,4
2020-10-07,18¡æ,11¡æ,7
2020-10-08,15¡æ,11¡æ,4
2020-10-09,16¡æ,11¡æ,5
2020-10-10,17¡æ,12¡æ,5
2020-10-11,17¡æ,13¡æ,4
2020-10-12,16¡æ,11¡æ,5
2020-10-13,12¡æ,11¡æ,1
2020-10-14,12¡æ,9¡æ,3
2020-10-15,10¡æ,9¡æ,1
2020-10-16,20¡æ,7¡æ,13
2020-10-17,18¡æ,7¡æ,11
2020-10-18,19¡æ,8¡æ,11
2020-10-19,20¡æ,10¡æ,10
2020-10-20,20¡æ,8¡æ,12
2020-10-21,23¡æ,8¡æ,15
2020-10-22,22¡æ,6¡æ,16
2020-10-23,17¡æ,10¡æ,7
2020-10-24,16¡æ,9¡æ,7
2020-10-25,18¡æ,12¡æ,6
2020-10-26,18¡æ,12¡æ,6
2020-10-27,15¡æ,9¡æ,6
2020-10-28,13¡æ,6¡æ,7
2020-10-29,12¡æ,7¡æ,5
2020-10-30,12¡æ,10¡æ,2
2020-10-31,17¡æ,9¡æ,8
2020-11-01,19¡æ,9¡æ,10
2020-11-02,19¡æ,9¡æ,10
2020-11-03,14¡æ,9¡æ,5
2020-11-04,16¡æ,9¡æ,7
2020-11-05,16¡æ,9¡æ,7
2020-11-06,19¡æ,6¡æ,13
2020-11-07,21¡æ,7¡æ,14
2020-11-08,18¡æ,8¡æ,10
2020-11-09,19¡æ,6¡æ,13
2020-11-10,17¡æ,8¡æ,9
2020-11-11,17¡æ,8¡æ,9
2020-11-12,18¡æ,7¡æ,11
2020-11-13,19¡æ,9¡æ,10
2020-11-14,17¡æ,5¡æ,12
2020-11-15,16¡æ,7¡æ,9
2020-11-16,19¡æ,11¡æ,8
2020-11-17,11¡æ,8¡æ,3
2020-11-18,16¡æ,5¡æ,11
2020-11-19,14¡æ,7¡æ,7
2020-11-20,7¡æ,4¡æ,3
2020-11-21,7¡æ,2¡æ,5
2020-11-22,3¡æ,0¡æ,3
2020-11-23,3¡æ,-1¡æ,4
2020-11-24,2¡æ,-1¡æ,3
2020-11-25,5¡æ,0¡æ,5
2020-11-26,8¡æ,0¡æ,8
2020-11-27,5¡æ,1¡æ,4
2020-11-28,7¡æ,0¡æ,7
2020-11-29,8¡æ,0¡æ,8
2020-11-30,4¡æ,0¡æ,4
2020-12-01,2¡æ,0¡æ,2
2020-12-02,3¡æ,-1¡æ,4
2020-12-03,0¡æ,-4¡æ,4
2020-12-04,1¡æ,-1¡æ,2
2020-12-05,3¡æ,-1¡æ,4
2020-12-06,3¡æ,-1¡æ,4
2020-12-07,2¡æ,-2¡æ,4
2020-12-08,3¡æ,0¡æ,3
2020-12-09,6¡æ,-1¡æ,7
2020-12-10,10¡æ,-1¡æ,11
2020-12-11,9¡æ,-1¡æ,10
2020-12-12,8¡æ,0¡æ,8
2020-12-13,2¡æ,-4¡æ,6
2020-12-14,1¡æ,-6¡æ,7
2020-12-15,0¡æ,-3¡æ,3
2020-12-16,2¡æ,-1¡æ,3
2020-12-17,3¡æ,0¡æ,3
2020-12-18,5¡æ,-3¡æ,8
2020-12-19,5¡æ,-3¡æ,8
2020-12-20,6¡æ,-4¡æ,10
2020-12-21,5¡æ,-4¡æ,9
2020-12-22,4¡æ,-1¡æ,5
2020-12-23,8¡æ,-3¡æ,11
2020-12-24,8¡æ,0¡æ,8
2020-12-25,7¡æ,0¡æ,7
2020-12-26,9¡æ,1¡æ,8
2020-12-27,10¡æ,0¡æ,10
2020-12-28,6¡æ,0¡æ,6
2020-12-29,2¡æ,-6¡æ,8
2020-12-30,-1¡æ,-7¡æ,6
2020-12-31,-1¡æ,-6¡æ,5
2021-01-01,6¡æ,-5¡æ,11
2021-01-02,4¡æ,-2¡æ,6
2021-01-03,6¡æ,-3¡æ,9
2021-01-04,3¡æ,-2¡æ,5
2021-01-05,5¡æ,-5¡æ,10
2021-01-06,0¡æ,-9¡æ,9
2021-01-07,-4¡æ,-8¡æ,4
2021-01-08,1¡æ,-8¡æ,9
2021-01-09,1¡æ,-5¡æ,6
2021-01-10,0¡æ,-5¡æ,5
2021-01-11,7¡æ,-4¡æ,11
2021-01-12,14¡æ,-1¡æ,15
2021-01-13,18¡æ,-2¡æ,20
2021-01-14,15¡æ,-3¡æ,18
2021-01-15,10¡æ,-5¡æ,15
2021-01-16,6¡æ,-7¡æ,13
2021-01-17,7¡æ,-4¡æ,11
2021-01-18,11¡æ,-6¡æ,17
2021-01-19,10¡æ,-2¡æ,12
2021-01-20,8¡æ,0¡æ,8
2021-01-21,12¡æ,-1¡æ,13
2021-01-22,8¡æ,-1¡æ,9
2021-01-23,5¡æ,1¡æ,4
2021-01-24,4¡æ,1¡æ,3
2021-01-25,9¡æ,-3¡æ,12
2021-01-26,8¡æ,-2¡æ,10
2021-01-27,11¡æ,-3¡æ,14
2021-01-28,11¡æ,-3¡æ,14
2021-01-29,10¡æ,-2¡æ,12
2021-01-30,13¡æ,-3¡æ,16
2021-01-31,11¡æ,-1¡æ,12
2021-02-01,15¡æ,-4¡æ,19
2021-02-02,7¡æ,-4¡æ,11
2021-02-03,15¡æ,-2¡æ,17
2021-02-04,8¡æ,-2¡æ,10
2021-02-05,16¡æ,1¡æ,15
2021-02-06,17¡æ,0¡æ,17
2021-02-07,14¡æ,-3¡æ,17
2021-02-08,9¡æ,0¡æ,9
2021-02-09,13¡æ,-1¡æ,14
2021-02-10,13¡æ,-1¡æ,14
2021-02-11,10¡æ,0¡æ,10
2021-02-12,15¡æ,2¡æ,13
2021-02-13,10¡æ,-1¡æ,11
2021-02-14,7¡æ,2¡æ,5
2021-02-15,9¡æ,-1¡æ,10
2021-02-16,17¡æ,-1¡æ,18
2021-02-17,17¡æ,1¡æ,16
2021-02-18,17¡æ,2¡æ,15
2021-02-19,22¡æ,3¡æ,19
2021-02-20,25¡æ,7¡æ,18
2021-02-21,25¡æ,5¡æ,20
2021-02-22,20¡æ,6¡æ,14
2021-02-23,16¡æ,3¡æ,13
2021-02-24,6¡æ,0¡æ,6
2021-02-25,4¡æ,0¡æ,4
2021-02-26,4¡æ,2¡æ,2
2021-02-27,10¡æ,3¡æ,7
2021-02-28,4¡æ,2¡æ,2
2021-03-01,11¡æ,0¡æ,11
2021-03-02,13¡æ,2¡æ,11
2021-03-03,18¡æ,3¡æ,15
2021-03-04,16¡æ,7¡æ,9
2021-03-05,18¡æ,9¡æ,9
2021-03-06,11¡æ,3¡æ,8
2021-03-07,12¡æ,6¡æ,6
2021-03-08,8¡æ,3¡æ,5
2021-03-09,9¡æ,5¡æ,4
2021-03-10,8¡æ,5¡æ,3
2021-03-11,15¡æ,7¡æ,8
2021-03-12,16¡æ,7¡æ,9
2021-03-13,19¡æ,9¡æ,10
2021-03-14,15¡æ,8¡æ,7
2021-03-15,21¡æ,10¡æ,11
2021-03-16,18¡æ,9¡æ,9
2021-03-17,16¡æ,9¡æ,7
2021-03-18,8¡æ,6¡æ,2
2021-03-19,9¡æ,4¡æ,5
2021-03-20,11¡æ,2¡æ,9
2021-03-21,12¡æ,1¡æ,11
2021-03-22,17¡æ,2¡æ,15
2021-03-23,21¡æ,5¡æ,16
2021-03-24,21¡æ,11¡æ,10
2021-03-25,19¡æ,12¡æ,7
2021-03-26,15¡æ,5¡æ,10
2021-03-27,25¡æ,8¡æ,17
2021-03-28,24¡æ,9¡æ,15
2021-03-29,21¡æ,9¡æ,12
2021-03-30,19¡æ,12¡æ,7
2021-03-31,15¡æ,9¡æ,6
2021-04-01,12¡æ,8¡æ,4
2021-04-02,10¡æ,8¡æ,2
2021-04-03,12¡æ,9¡æ,3
2021-04-04,11¡æ,9¡æ,2
2021-04-05,18¡æ,6¡æ,12
2021-04-06,16¡æ,10¡æ,6
2021-04-07,18¡æ,8¡æ,10
2021-04-08,22¡æ,9¡æ,13
2021-04-09,17¡æ,8¡æ,9
2021-04-10,16¡æ,10¡æ,6
2021-04-11,18¡æ,9¡æ,9
2021-04-12,23¡æ,11¡æ,12
2021-04-13,17¡æ,9¡æ,8
2021-04-14,14¡æ,8¡æ,6
2021-04-15,19¡æ,7¡æ,12
2021-04-16,22¡æ,8¡æ,14
2021-04-17,20¡æ,11¡æ,9
2021-04-18,25¡æ,11¡æ,14
2021-04-19,23¡æ,13¡æ,10
2021-04-20,17¡æ,12¡æ,5
2021-04-21,15¡æ,9¡æ,6
2021-04-22,18¡æ,12¡æ,6
2021-04-23,14¡æ,12¡æ,2
2021-04-24,13¡æ,10¡æ,3
2021-04-25,13¡æ,9¡æ,4
2021-04-26,18¡æ,10¡æ,8
2021-04-27,22¡æ,10¡æ,12
2021-04-28,25¡æ,10¡æ,15
2021-04-29,21¡æ,13¡æ,8
2021-04-30,31¡æ,11¡æ,20
2021-05-01,29¡æ,19¡æ,10
2021-05-02,22¡æ,13¡æ,9
2021-05-03,20¡æ,10¡æ,10
2021-05-04,25¡æ,11¡æ,14
2021-05-05,28¡æ,13¡æ,15
2021-05-06,30¡æ,13¡æ,17
2021-05-07,27¡æ,14¡æ,13
2021-05-08,34¡æ,15¡æ,19
2021-05-09,33¡æ,17¡æ,16
2021-05-10,31¡æ,17¡æ,14
2021-05-11,25¡æ,18¡æ,7
2021-05-12,20¡æ,11¡æ,9
2021-05-13,31¡æ,16¡æ,15
2021-05-14,30¡æ,16¡æ,14
2021-05-15,20¡æ,14¡æ,6
2021-05-16,19¡æ,12¡æ,7
2021-05-17,24¡æ,13¡æ,11
2021-05-18,26¡æ,16¡æ,10
2021-05-19,26¡æ,15¡æ,11
2021-05-20,28¡æ,15¡æ,13
2021-05-21,26¡æ,18¡æ,8
2021-05-22,30¡æ,21¡æ,9
2021-05-23,22¡æ,13¡æ,9
2021-05-24,29¡æ,14¡æ,15
2021-05-25,26¡æ,17¡æ,9
2021-05-26,32¡æ,16¡æ,16
2021-05-27,30¡æ,18¡æ,12
2021-05-28,28¡æ,16¡æ,12
2021-05-29,32¡æ,16¡æ,16
2021-05-30,33¡æ,19¡æ,14
2021-05-31,33¡æ,20¡æ,13
2021-06-01,34¡æ,19¡æ,15
2021-06-02,33¡æ,19¡æ,14
2021-06-03,26¡æ,15¡æ,11
2021-06-04,32¡æ,17¡æ,15
2021-06-05,37¡æ,19¡æ,18
2021-06-06,35¡æ,23¡æ,12
2021-06-07,36¡æ,21¡æ,15
2021-06-08,35¡æ,23¡æ,12
2021-06-09,28¡æ,23¡æ,5
2021-06-10,20¡æ,15¡æ,5
2021-06-11,35¡æ,25¡æ,10
2021-06-12,31¡æ,25¡æ,6
2021-06-13,32¡æ,23¡æ,9
2021-06-14,24¡æ,18¡æ,6
2021-06-15,24¡æ,16¡æ,8
2021-06-16,18¡æ,16¡æ,2
2021-06-17,16¡æ,15¡æ,1
2021-06-18,26¡æ,17¡æ,9
2021-06-19,31¡æ,22¡æ,9
2021-06-20,31¡æ,22¡æ,9
2021-06-21,32¡æ,19¡æ,13
2021-06-22,36¡æ,22¡æ,14
2021-06-23,30¡æ,23¡æ,7
2021-06-24,30¡æ,22¡æ,8
2021-06-25,29¡æ,16¡æ,13
2021-06-26,28¡æ,22¡æ,6
2021-06-27,33¡æ,22¡æ,11
2021-06-28,35¡æ,23¡æ,12
2021-06-29,35¡æ,24¡æ,11
2021-06-30,37¡æ,22¡æ,15
2021-07-01,25¡æ,22¡æ,3
2021-07-02,21¡æ,17¡æ,4
2021-07-03,29¡æ,20¡æ,9
2021-07-04,31¡æ,22¡æ,9
2021-07-05,32¡æ,22¡æ,10
2021-07-06,33¡æ,23¡æ,10
2021-07-07,34¡æ,22¡æ,12
2021-07-08,35¡æ,23¡æ,12
2021-07-09,37¡æ,25¡æ,12
2021-07-10,30¡æ,22¡æ,8
2021-07-11,33¡æ,25¡æ,8
2021-07-12,35¡æ,24¡æ,11
2021-07-13,33¡æ,23¡æ,10
2021-07-14,29¡æ,23¡æ,6
2021-07-15,30¡æ,24¡æ,6
2021-07-16,33¡æ,24¡æ,9
2021-07-17,36¡æ,23¡æ,13
2021-07-18,25¡æ,22¡æ,3
2021-07-19,30¡æ,22¡æ,8
2021-07-20,27¡æ,23¡æ,4
2021-07-21,31¡æ,23¡æ,8
2021-07-22,32¡æ,22¡æ,10
2021-07-23,24¡æ,23¡æ,1
2021-07-24,32¡æ,23¡æ,9
2021-07-25,34¡æ,24¡æ,10
2021-07-26,25¡æ,22¡æ,3
2021-07-27,30¡æ,23¡æ,7
2021-07-28,33¡æ,22¡æ,11
2021-07-29,35¡æ,24¡æ,11
2021-07-30,26¡æ,22¡æ,4
2021-07-31,32¡æ,22¡æ,10
2021-08-01,38¡æ,25¡æ,13
2021-08-02,34¡æ,26¡æ,8
2021-08-03,33¡æ,22¡æ,11
2021-08-04,32¡æ,25¡æ,7
2021-08-05,32¡æ,22¡æ,10
2021-08-06,35¡æ,23¡æ,12
2021-08-07,35¡æ,24¡æ,11
2021-08-08,24¡æ,21¡æ,3
2021-08-09,32¡æ,21¡æ,11
2021-08-10,31¡æ,23¡æ,8
2021-08-11,31¡æ,23¡æ,8
2021-08-12,24¡æ,18¡æ,6
2021-08-13,23¡æ,19¡æ,4
2021-08-14,26¡æ,15¡æ,11
2021-08-15,27¡æ,17¡æ,10
2021-08-16,28¡æ,23¡æ,5
2021-08-17,32¡æ,23¡æ,9
2021-08-18,35¡æ,23¡æ,12
2021-08-19,34¡æ,22¡æ,12
2021-08-20,25¡æ,19¡æ,6
2021-08-21,33¡æ,21¡æ,12
2021-08-22,23¡æ,19¡æ,4
2021-08-23,28¡æ,17¡æ,11
2021-08-24,32¡æ,17¡æ,15
2021-08-25,28¡æ,17¡æ,11
2021-08-26,25¡æ,18¡æ,7
2021-08-27,30¡æ,18¡æ,12
2021-08-28,26¡æ,20¡æ,6
2021-08-29,24¡æ,18¡æ,6
2021-08-30,20¡æ,19¡æ,1
2021-08-31,21¡æ,19¡æ,2
2021-09-01,21¡æ,19¡æ,2
2021-09-02,26¡æ,19¡æ,7
2021-09-03,28¡æ,21¡æ,7
2021-09-04,24¡æ,19¡æ,5
2021-09-05,21¡æ,18¡æ,3
2021-09-06,25¡æ,15¡æ,10
2021-09-07,30¡æ,15¡æ,15
2021-09-08,30¡æ,16¡æ,14
2021-09-09,34¡æ,18¡æ,16
2021-09-10,33¡æ,19¡æ,14
2021-09-11,33¡æ,19¡æ,14
2021-09-12,20¡æ,10¡æ,10
2021-09-13,34¡æ,18¡æ,16
2021-09-14,33¡æ,19¡æ,14
2021-09-15,29¡æ,19¡æ,10
2021-09-16,21¡æ,18¡æ,3
2021-09-17,24¡æ,8¡æ,16
2021-09-18,25¡æ,11¡æ,14
2021-09-19,25¡æ,17¡æ,8
2021-09-20,29¡æ,15¡æ,14
2021-09-21,32¡æ,17¡æ,15
2021-09-22,13¡æ,11¡æ,2
2021-09-23,17¡æ,6¡æ,11
2021-09-24,19¡æ,18¡æ,1
2021-09-25,19¡æ,17¡æ,2
2021-09-26,18¡æ,17¡æ,1
2021-09-27,17¡æ,16¡æ,1
2021-09-28,21¡æ,14¡æ,7
2021-09-29,25¡æ,16¡æ,9
2021-09-30,26¡æ,17¡æ,9
2021-10-01,29¡æ,17¡æ,12
2021-10-02,20¡æ,10¡æ,10
2021-10-03,26¡æ,16¡æ,10
2021-10-04,17¡æ,13¡æ,4
2021-10-05,14¡æ,12¡æ,2
2021-10-06,13¡æ,11¡æ,2
2021-10-07,17¡æ,11¡æ,6
2021-10-08,16¡æ,13¡æ,3
2021-10-09,18¡æ,7¡æ,11
2021-10-10,11¡æ,7¡æ,4
2021-10-11,10¡æ,9¡æ,1
2021-10-12,11¡æ,9¡æ,2
2021-10-13,16¡æ,13¡æ,3
2021-10-14,17¡æ,12¡æ,5
2021-10-15,15¡æ,9¡æ,6
2021-10-16,18¡æ,9¡æ,9
2021-10-17,14¡æ,6¡æ,8
2021-10-18,12¡æ,-7¡æ,19
2021-10-19,14¡æ,9¡æ,5
2021-10-20,12¡æ,-4¡æ,16
2021-10-21,12¡æ,-4¡æ,16
2021-10-22,16¡æ,7¡æ,9
2021-10-23,15¡æ,-1¡æ,16
2021-10-24,20¡æ,7¡æ,13
2021-10-25,16¡æ,11¡æ,5
2021-10-26,16¡æ,8¡æ,8
2021-10-27,14¡æ,8¡æ,6
2021-10-28,18¡æ,10¡æ,8
2021-10-29,21¡æ,7¡æ,14
2021-10-30,20¡æ,12¡æ,8
2021-10-31,17¡æ,9¡æ,8
2021-11-01,4¡æ,1¡æ,3
2021-11-02,18¡æ,10¡æ,8
2021-11-03,18¡æ,9¡æ,9
2021-11-04,18¡æ,9¡æ,9
2021-11-05,18¡æ,2¡æ,16
2021-11-06,10¡æ,1¡æ,9
2021-11-07,8¡æ,-3¡æ,11
2021-11-08,11¡æ,0¡æ,11
2021-11-09,14¡æ,2¡æ,12
2021-11-10,15¡æ,3¡æ,12
2021-11-11,13¡æ,7¡æ,6
2021-11-12,1¡æ,-6¡æ,7
2021-11-13,19¡æ,2¡æ,17
2021-11-14,14¡æ,2¡æ,12
2021-11-15,17¡æ,3¡æ,14
2021-11-16,12¡æ,4¡æ,8
2021-11-17,9¡æ,-1¡æ,10
2021-11-18,16¡æ,3¡æ,13
2021-11-19,16¡æ,8¡æ,8
2021-11-20,11¡æ,4¡æ,7
2021-11-21,12¡æ,-3¡æ,15
2021-11-22,-8¡æ,-11¡æ,3
2021-11-23,-7¡æ,-14¡æ,7
2021-11-24,17¡æ,2¡æ,15
2021-11-25,17¡æ,1¡æ,16
2021-11-26,12¡æ,3¡æ,9
2021-11-27,9¡æ,0¡æ,9
2021-11-28,13¡æ,3¡æ,10
2021-11-29,10¡æ,-1¡æ,11
2021-11-30,-4¡æ,-14¡æ,10
2021-12-01,10¡æ,0¡æ,10
2021-12-02,15¡æ,-1¡æ,16
2021-12-03,11¡æ,-1¡æ,12
2021-12-04,-2¡æ,-10¡æ,8
2021-12-05,13¡æ,0¡æ,13
2021-12-06,4¡æ,-13¡æ,17
2021-12-07,4¡æ,-8¡æ,12
2021-12-08,8¡æ,-2¡æ,10
2021-12-09,7¡æ,-1¡æ,8
2021-12-10,3¡æ,-7¡æ,10
2021-12-11,11¡æ,-1¡æ,12
2021-12-12,10¡æ,-4¡æ,14
2021-12-13,8¡æ,-1¡æ,9
2021-12-14,11¡æ,-1¡æ,12
2021-12-15,5¡æ,1¡æ,4
2021-12-16,8¡æ,-3¡æ,11
2021-12-17,5¡æ,-3¡æ,8
2021-12-18,-6¡æ,-17¡æ,11
2021-12-19,12¡æ,0¡æ,12
2021-12-20,3¡æ,-16¡æ,19
2021-12-21,15¡æ,-1¡æ,16
2021-12-22,-4¡æ,-16¡æ,12
2021-12-23,-9¡æ,-25¡æ,16
2021-12-24,8¡æ,-1¡æ,9
2021-12-25,0¡æ,-5¡æ,5
2021-12-26,1¡æ,-6¡æ,7
2021-12-27,0¡æ,-4¡æ,4
2021-12-28,0¡æ,-19¡æ,19
2021-12-29,-11¡æ,-22¡æ,11
2021-12-30,6¡æ,-2¡æ,8
2021-12-31,7¡æ,0¡æ,7
2022-01-01,11¡æ,-4¡æ,15
2022-01-02,-6¡æ,-20¡æ,14
2022-01-03,8¡æ,0¡æ,8
2022-01-04,-7¡æ,-22¡æ,15
2022-01-05,-2¡æ,-20¡æ,18
2022-01-06,-7¡æ,-20¡æ,13
2022-01-07,0¡æ,-12¡æ,12
2022-01-08,6¡æ,-3¡æ,9
2022-01-09,6¡æ,2¡æ,4
2022-01-10,-9¡æ,-23¡æ,14
2022-01-11,8¡æ,-2¡æ,10
2022-01-12,-9¡æ,-22¡æ,13
2022-01-13,6¡æ,-3¡æ,9
2022-01-14,-3¡æ,-9¡æ,6
2022-01-15,13¡æ,-1¡æ,14
2022-01-16,10¡æ,-3¡æ,13
2022-01-17,9¡æ,-3¡æ,12
2022-01-18,11¡æ,-3¡æ,14
2022-01-19,7¡æ,0¡æ,7
2022-01-20,7¡æ,-2¡æ,9
2022-01-21,5¡æ,-2¡æ,7
2022-01-22,-7¡æ,-22¡æ,15
2022-01-23,5¡æ,-1¡æ,6
2022-01-24,-2¡æ,-21¡æ,19
2022-01-25,-6¡æ,-20¡æ,14
2022-01-26,2¡æ,0¡æ,2
2022-01-27,-7¡æ,-21¡æ,14
2022-01-28,-7¡æ,-20¡æ,13
2022-01-29,-4¡æ,-19¡æ,15
2022-01-30,3¡æ,-5¡æ,8
2022-01-31,2¡æ,-5¡æ,7
2022-02-01,3¡æ,-3¡æ,6
2022-02-02,8¡æ,-4¡æ,12
2022-02-03,7¡æ,-2¡æ,9
2022-02-04,8¡æ,-2¡æ,10
2022-02-05,3¡æ,-2¡æ,5
2022-02-06,0¡æ,-3¡æ,3
2022-02-07,2¡æ,-3¡æ,5
2022-02-08,6¡æ,-3¡æ,9
2022-02-09,8¡æ,-2¡æ,10
2022-02-10,8¡æ,1¡æ,7
2022-02-11,10¡æ,1¡æ,9
2022-02-12,9¡æ,-2¡æ,11
2022-02-13,11¡æ,0¡æ,11
2022-02-14,9¡æ,-2¡æ,11
2022-02-15,10¡æ,2¡æ,8
2022-02-16,6¡æ,-1¡æ,7
2022-02-17,3¡æ,-2¡æ,5
2022-02-18,1¡æ,-2¡æ,3
2022-02-19,7¡æ,-4¡æ,11
2022-02-20,8¡æ,-2¡æ,10
2022-02-21,11¡æ,-1¡æ,12
2022-02-22,9¡æ,-2¡æ,11
2022-02-23,11¡æ,0¡æ,11
2022-02-24,13¡æ,0¡æ,13
2022-02-25,15¡æ,2¡æ,13
2022-02-26,16¡æ,1¡æ,15
2022-02-27,13¡æ,3¡æ,10
2022-02-28,17¡æ,2¡æ,15
2022-03-01,15¡æ,1¡æ,14
2022-03-02,5¡æ,-10¡æ,15
2022-03-03,19¡æ,6¡æ,13
2022-03-04,16¡æ,4¡æ,12
2022-03-05,17¡æ,8¡æ,9
2022-03-06,19¡æ,5¡æ,14
2022-03-07,10¡æ,-7¡æ,17
2022-03-08,21¡æ,8¡æ,13
2022-03-09,13¡æ,-1¡æ,14
2022-03-10,8¡æ,-5¡æ,13
2022-03-11,27¡æ,12¡æ,15
2022-03-12,24¡æ,12¡æ,12
2022-03-13,5¡æ,-4¡æ,9
2022-03-14,23¡æ,11¡æ,12
2022-03-15,2¡æ,-5¡æ,7
2022-03-16,0¡æ,-13¡æ,13
2022-03-17,13¡æ,4¡æ,9
2022-03-18,2¡æ,-9¡æ,11
2022-03-19,9¡æ,3¡æ,6
2022-03-20,16¡æ,5¡æ,11
2022-03-21,5¡æ,-9¡æ,14
2022-03-22,14¡æ,5¡æ,9
2022-03-23,18¡æ,5¡æ,13
2022-03-24,19¡æ,9¡æ,10
2022-03-25,14¡æ,7¡æ,7
2022-03-26,17¡æ,8¡æ,9
2022-03-27,16¡æ,6¡æ,10
2022-03-28,19¡æ,7¡æ,12
2022-03-29,20¡æ,10¡æ,10
2022-03-30,21¡æ,11¡æ,10
2022-03-31,21¡æ,9¡æ,12
2022-04-01,22¡æ,7¡æ,15
2022-04-02,18¡æ,7¡æ,11
2022-04-03,18¡æ,8¡æ,10
2022-04-04,20¡æ,7¡æ,13
2022-04-05,26¡æ,11¡æ,15
2022-04-06,29¡æ,12¡æ,17
2022-04-07,29¡æ,13¡æ,16
2022-04-08,29¡æ,15¡æ,14
2022-04-09,21¡æ,8¡æ,13
2022-04-10,32¡æ,15¡æ,17
2022-04-11,30¡æ,11¡æ,19
2022-04-12,19¡æ,9¡æ,10
2022-04-13,21¡æ,11¡æ,10
2022-04-14,16¡æ,9¡æ,7
2022-04-15,12¡æ,7¡æ,5
2022-04-16,17¡æ,6¡æ,11
2022-04-17,20¡æ,8¡æ,12
2022-04-18,21¡æ,9¡æ,12
2022-04-19,24¡æ,12¡æ,12
2022-04-20,26¡æ,10¡æ,16
2022-04-21,29¡æ,15¡æ,14
2022-04-22,25¡æ,11¡æ,14
2022-04-23,22¡æ,8¡æ,14
2022-04-24,21¡æ,13¡æ,8
2022-04-25,31¡æ,15¡æ,16
2022-04-26,27¡æ,13¡æ,14
2022-04-27,14¡æ,5¡æ,9
2022-04-28,18¡æ,1¡æ,17
2022-04-29,20¡æ,5¡æ,15
2022-04-30,21¡æ,12¡æ,9
2022-05-01,13¡æ,0¡æ,13
2022-05-02,26¡æ,11¡æ,15
2022-05-03,28¡æ,12¡æ,16
2022-05-04,30¡æ,12¡æ,18
2022-05-05,33¡æ,17¡æ,16
2022-05-06,34¡æ,19¡æ,15
2022-05-07,33¡æ,15¡æ,18
2022-05-08,21¡æ,1¡æ,20
2022-05-09,23¡æ,8¡æ,15
2022-05-10,27¡æ,12¡æ,15
2022-05-11,17¡æ,6¡æ,11
2022-05-12,25¡æ,8¡æ,17
2022-05-13,17¡æ,14¡æ,3
2022-05-14,20¡æ,9¡æ,11
2022-05-15,21¡æ,7¡æ,14
2022-05-16,26¡æ,11¡æ,15
2022-05-17,30¡æ,15¡æ,15
2022-05-18,28¡æ,15¡æ,13
2022-05-19,28¡æ,10¡æ,18
2022-05-20,27¡æ,14¡æ,13
2022-05-21,30¡æ,18¡æ,12
2022-05-22,31¡æ,17¡æ,14
2022-05-23,32¡æ,15¡æ,17
2022-05-24,36¡æ,20¡æ,16
2022-05-25,25¡æ,17¡æ,8
2022-05-26,29¡æ,18¡æ,11
2022-05-27,27¡æ,17¡æ,10
2022-05-28,29¡æ,16¡æ,13
2022-05-29,28¡æ,12¡æ,16
2022-05-30,34¡æ,20¡æ,14
2022-05-31,30¡æ,16¡æ,14
2022-06-01,25¡æ,11¡æ,14
2022-06-02,27¡æ,17¡æ,10
2022-06-03,25¡æ,16¡æ,9
2022-06-04,25¡æ,14¡æ,11
2022-06-05,33¡æ,18¡æ,15
2022-06-06,37¡æ,19¡æ,18
2022-06-07,33¡æ,20¡æ,13
2022-06-08,35¡æ,22¡æ,13
2022-06-09,33¡æ,19¡æ,14
2022-06-10,32¡æ,21¡æ,11
2022-06-11,37¡æ,21¡æ,16
2022-06-12,29¡æ,19¡æ,10
2022-06-13,37¡æ,18¡æ,19
2022-06-14,37¡æ,19¡æ,18
2022-06-15,24¡æ,15¡æ,9
2022-06-16,38¡æ,22¡æ,16
2022-06-17,39¡æ,20¡æ,19
2022-06-18,38¡æ,25¡æ,13
2022-06-19,28¡æ,16¡æ,12
2022-06-20,30¡æ,18¡æ,12
2022-06-21,38¡æ,27¡æ,11
2022-06-22,23¡æ,18¡æ,5
2022-06-23,38¡æ,23¡æ,15
2022-06-24,38¡æ,21¡æ,17
2022-06-25,40¡æ,24¡æ,16
2022-06-26,28¡æ,21¡æ,7
2022-06-27,38¡æ,22¡æ,16
2022-06-28,34¡æ,25¡æ,9
2022-06-29,36¡æ,23¡æ,13
2022-06-30,36¡æ,24¡æ,12
2022-07-01,37¡æ,24¡æ,13
2022-07-02,27¡æ,20¡æ,7
2022-07-03,35¡æ,25¡æ,10
2022-07-04,30¡æ,21¡æ,9
2022-07-05,34¡æ,23¡æ,11
2022-07-06,36¡æ,23¡æ,13
2022-07-07,41¡æ,25¡æ,16
2022-07-08,40¡æ,27¡æ,13
2022-07-09,28¡æ,18¡æ,10
2022-07-10,40¡æ,27¡æ,13
2022-07-11,38¡æ,23¡æ,15
2022-07-12,36¡æ,28¡æ,8
2022-07-13,25¡æ,20¡æ,5
2022-07-14,35¡æ,24¡æ,11
2022-07-15,24¡æ,19¡æ,5
2022-07-16,29¡æ,22¡æ,7
2022-07-17,34¡æ,21¡æ,13
2022-07-18,26¡æ,18¡æ,8
2022-07-19,21¡æ,16¡æ,5
2022-07-20,30¡æ,18¡æ,12
2022-07-21,29¡æ,18¡æ,11
2022-07-22,24¡æ,16¡æ,8
2022-07-23,29¡æ,19¡æ,10
2022-07-24,28¡æ,20¡æ,8
2022-07-25,31¡æ,23¡æ,8
2022-07-26,32¡æ,22¡æ,10
2022-07-27,32¡æ,20¡æ,12
2022-07-28,31¡æ,20¡æ,11
2022-07-29,32¡æ,21¡æ,11
2022-07-30,32¡æ,22¡æ,10
2022-07-31,34¡æ,23¡æ,11
2022-08-01,33¡æ,24¡æ,9
2022-08-02,36¡æ,24¡æ,12
2022-08-03,34¡æ,26¡æ,8
2022-08-04,37¡æ,25¡æ,12
2022-08-05,38¡æ,27¡æ,11
2022-08-06,32¡æ,22¡æ,10
2022-08-07,39¡æ,29¡æ,10
2022-08-08,26¡æ,14¡æ,12
2022-08-09,37¡æ,25¡æ,12
2022-08-10,36¡æ,25¡æ,11
2022-08-11,27¡æ,16¡æ,11
2022-08-12,38¡æ,27¡æ,11
2022-08-13,27¡æ,15¡æ,12
2022-08-14,39¡æ,28¡æ,11
2022-08-15,24¡æ,17¡æ,7
2022-08-16,35¡æ,25¡æ,10
2022-08-17,29¡æ,16¡æ,13
2022-08-18,39¡æ,26¡æ,13
2022-08-19,34¡æ,25¡æ,9
2022-08-20,38¡æ,25¡æ,13
2022-08-21,37¡æ,26¡æ,11
2022-08-22,35¡æ,26¡æ,9
2022-08-23,31¡æ,22¡æ,9
2022-08-24,25¡æ,13¡æ,12
2022-08-25,23¡æ,10¡æ,13
2022-08-26,24¡æ,19¡æ,5
2022-08-27,21¡æ,15¡æ,6
2022-08-28,25¡æ,15¡æ,10
2022-08-29,19¡æ,16¡æ,3
2022-08-30,24¡æ,12¡æ,12
2022-08-31,26¡æ,11¡æ,15
2022-09-01,29¡æ,18¡æ,11
2022-09-02,29¡æ,18¡æ,11
2022-09-03,22¡æ,16¡æ,6
2022-09-04,26¡æ,20¡æ,6
2022-09-05,32¡æ,16¡æ,16
2022-09-06,33¡æ,16¡æ,17
2022-09-07,29¡æ,19¡æ,10
2022-09-08,24¡æ,17¡æ,7
2022-09-09,30¡æ,17¡æ,13
2022-09-10,25¡æ,16¡æ,9
2022-09-11,27¡æ,17¡æ,10
2022-09-12,29¡æ,17¡æ,12
2022-09-13,30¡æ,19¡æ,11
2022-09-14,27¡æ,17¡æ,10
2022-09-15,27¡æ,18¡æ,9
2022-09-16,28¡æ,18¡æ,10
2022-09-17,23¡æ,18¡æ,5
2022-09-18,24¡æ,20¡æ,4
2022-09-19,20¡æ,17¡æ,3
2022-09-20,20¡æ,15¡æ,5
2022-09-21,22¡æ,15¡æ,7
2022-09-22,26¡æ,15¡æ,11
2022-09-23,21¡æ,15¡æ,6
2022-09-24,18¡æ,11¡æ,7
2022-09-25,26¡æ,13¡æ,13
2022-09-26,26¡æ,15¡æ,11
2022-09-27,25¡æ,15¡æ,10
2022-09-28,27¡æ,13¡æ,14
